JeffCoFacilityID,UniqueID,Building Name,Status,Include_Flow_Chart,School Level,Capacity,EducationalCapacity,HistoricalEnrollment,CurrPKEnrollment,CurrEnrollment,ProjEnrollment_PK,ProjEnrollment_Total,FCI,EducationalAdequacy,SiteCapacity,SquareFt,BuildingScore,RecentInvestments,AttendanceAreaEnrollment,NonPKAttendanceAreaEnrollment,HighNeedStudents,ROFTSStudentsREceived,ClassroomEAScore,ClassroomCount
313,CO-1420-5623,Long View High School,Active,Yes,Alternative,167,95.2,58,,17,,24,0.79511464,0.483673983,No,"6,808",0.253329,No,0,0,0.183333333,0,,2
781,CO-1420-5972,Molholm Elementary,Closed,No,Elementary,454,Not Found,526,0,0,,,0.335573736,0.448798384,No,"46,524",0,No,0,0,,0,,17
952,CO-1420-1730,Jefferson Academy at Coal Creek Canyon,Active,No,Charter,0,Not Assessed,140,12,99,12,97,0.226990941,#N/A,No,"25,361",0.115384615,No,0,0,0.029333333,37,,26
783,CO-1420-9154,New Classical Academy at Vivian,Closed,No,Elementary,302,Not Assessed,210,0,0,,0,0.11489228,#N/A,No,"33,138",0,No,0,0,,0,,13
158,CO-1420-8276,Stober Elementary,Active,Yes,Elementary,454,444,321,,359,,386,0.145369603,0.723363759,No,"32,633",0.468614397,Yes,46.6,50.11,0.158,54,,11
146,CO-1420-7282,Red Rocks Elementary,Active,Yes,Elementary,324,276,325,,288,,293,0.12895076,0.667707444,No,"29,176",0.383284487,No,76.13,79.73,0.037666667,1,,9
105,CO-1420-1244,Campbell Early Learning Center,Active,No,Option,312,176,0,217,217,,,0.115360452,0.63977604,No,"43,487",0.55634133,Yes,0,0,0.134666667,11,,
502,CO-1420-3088,Foster Dual Language PK-8,Active,Yes,Option,454,296,541,36,486,33,569,0.144476122,0.730369387,No,"42,486",0.416332551,Yes,0,0,0.377333333,13,,15
155,CO-1420-7962,Slater Elementary,Active,Yes,Elementary,310,348,333,35,240,31,223,0.232577566,0.633077053,No,"46,085",0.436307354,Yes,38.87,37.55,0.394,12,,
780,CO-1420-4802,Kullerstrand Elementary,Closed,No,Elementary,302,Not Found,223,0,0,,,0.194366177,0.634666337,No,"35,533",0,No,0,0,,0,,9
784,CO-1420-6806,Parr Elementary,Closed,No,Elementary,302,Not Found,363,0,0,,,0.153411879,0.523699117,No,"33,602",0,No,0,0,,0,,14
163,CO-1420-9052,Van Arsdale Elementary,Active,Yes,Elementary,583,616,518,59,470,59,404,0.218414399,0.594498123,No,"50,511",0.601586855,No,69.13,68.3,0.104333333,4,,21
776,CO-1420-1790,Colorow Elementary,Closed,No,Elementary,475,Not Found,215,0,0,,0,0.185956731,0.553030066,No,"44,227",0,Yes,0,0,,0,,20
144,CO-1420-7190,Prospect Valley Elementary,Active,Yes,Elementary,562,580,493,,587,,569,0,0.848486995,Yes,"46,229",0.805,Yes,54.44,59.75,0.160666667,139,,21
119,CO-1420-3622,Green Gables Elementary,Active,Yes,Elementary,346,304,300,20,300,21,313,0.21850058,0.55526811,No,"36,920",0.616303002,No,43.86,44.92,0.182,5,,14
133,CO-1420-5580,Marshdale Elementary,Active,Yes,Elementary,396,388,288,19,376,17,355,0,0.889831707,Yes,"44,120",0.7712,Yes,69.29,72.43,0.041,0,,
148,CO-1420-7468,Rose Stein International Elementary,Active,Yes,Elementary,468,496,0,52,313,55,285,0.197844625,0.644415873,Yes,"47,094",0.589683571,No,45,42.99,0.426666667,27,,21
142,CO-1420-6848,Peak Expeditionary at Pennington,Active,Yes,Elementary,331,304,199,20,333,19,338,0.148282397,0.666800938,Yes,"36,877",0.45505831,Yes,58.33,58.18,0.200333333,12,,11
,CO-1420-0499,Jeffco Transition Services,Active,Yes,Alternative,95,Not Assessed,0,,144,,148,0.227019402,#N/A,No, -   ,0,Yes,0,0,0.52,0,,
129,CO-1420-5222,Little Elementary,Active,Yes,Elementary,410,400,364,,251,,195,0.202444939,0.577422814,No,"40,712",0.487892198,No,41.46,44.25,0.31,95,,17
785,CO-1420-6828,Peck Elementary,Closed,No,Elementary,432,Not Found,338,0,0,,0,0.125775463,0.567334448,No,"42,834",0,No,0,0,,0,,18
164,CO-1420-9058,Vanderhoof Elementary,Active,Yes,Elementary,490,492,460,,346,,392,0.221153196,0.642164485,Yes,"44,082",0.438231867,No,40.3,44.79,0.214,65,,19
115,CO-1420-2866,Fairmount Elementary,Active,Yes,Elementary,605,616,630,,574,,582,0.205881263,0.63239079,Yes,"65,146",0.478451928,Yes,75.19,78.39,0.059333333,5,,25
SOLD-3,CO-1420-4478,Sheridan Green Elementary,Closed,No,Elementary,0,Not Assessed,443,0,0,,,#N/A,#N/A,No,"46,466",0,Yes,0,0,,0,,
167,CO-1420-9342,Welchester Elementary,Active,Yes,Elementary,410,380,296,28,282,29,286,0.092238191,0.763429909,Yes,"42,093",0.446461832,Yes,44.88,45.4,0.348333333,4,,17
161,CO-1420-8432,Swanson Elementary,Active,Yes,Elementary,518,484,406,,252,,201,0.224836685,0.712225749,No,"54,462",0.597504252,No,25.82,28.7,0.371,69,,23
117,CO-1420-3216,Fremont Elementary,Active,Yes,Elementary,360,384,318,,251,,244,0.179096511,0.553716184,Yes,"45,920",0.426469913,Yes,25.85,29.25,0.242333333,56,,15
141,CO-1420-6808,Patterson Elementary,Active,Yes,Elementary,410,372,482,93,355,65,337,0.163672149,0.561383318,Yes,"48,895",0.400602602,Yes,37.41,32.77,0.262,4,,
304,CO-1420-0965,Brady Exploration School,Active,Yes,Alternative,405,357,238,,335,,340,0.192422633,0.590382802,No,"68,612",0.490166523,Yes,0,0,0.332,0,,9
108,CO-1420-8090,Deane Elementary,Active,Yes,Elementary,482,560,483,15,327,17,280,0.216773962,0.660755514,No,"46,118",0.355375342,Yes,38.27,38.64,0.445,16,,20
778,CO-1420-2946,Fitzmorris Elementary,Closed,No,Elementary,454,Not Found,338,0,0,,,0.095338371,0.658363358,No,"51,259",0,No,0,0,,0,,19
779,CO-1420-3624,Green Mountain Elementary,Closed,No,Elementary,324,Not Found,481,0,0,,,0.149831301,0.596588075,Yes,"40,301",0,,0,0,,0,,12
125,CO-1420-4830,Kyffin Elementary,Active,Yes,Elementary,540,504,492,38,528,46,526,0.123407368,0.70576356,Yes,"49,472",0.54573764,,76.02,75.84,0.078,1,,20
788,CO-1420-9678,Witt Elementary,Closed,No,Elementary,475,Not Found,377,0,0,,0,0.191592129,0.574515435,Yes,"44,341",0,,0,0,,0,,20
106,CO-1420-1861,Columbine Hills Elementary,Active,Yes,Elementary,432,368,423,40,286,47,275,0.137861119,0.674788238,No,"47,268",0.51197663,,60.57,58.54,0.203333333,5,,19
111,CO-1420-2322,Dutch Creek Elementary,Active,Yes,Elementary,562,552,313,32,259,30,257,0.207178676,0.64591414,Yes,"49,780",0.527695743,,62.15,64.46,0.192333333,9,,24
121,CO-1420-4190,Hutchinson Elementary,Active,Yes,Elementary,475,440,392,38,328,42,389,0.17167642,0.671337454,Yes,"44,976",0.518526989,,40.8,40,0.167666667,24,,20
123,CO-1420-4549,Kendallvue Elementary,Active,Yes,Elementary,497,428,493,46,365,47,351,0.156280576,0.738672108,Yes,"45,418",0.530476668,,34.2,31.69,0.204666667,95,,21
160,CO-1420-8300,Stott Elementary,Active,Yes,Elementary,432,380,358,29,282,21,306,0.149237785,0.689920554,Yes,"45,525",0.528889694,,45.58,44.09,0.183,15,,18
501,CO-1420-5892,Fletcher Miller Special Education School,Active,No,Alternative,109,420,94,28,84,38,84,0,0.840563269,No,"51,184",1,,0,0,0.278333333,1,,32
165,CO-1420-9232,Warder Elementary,Active,Yes,Elementary,475,468,423,52,423,50,367,0.172700748,0.72184977,Yes,"41,934",0.500852142,,54.15,53.16,0.139,22,,20
169,CO-1420-9429,West Woods Elementary,Active,Yes,Elementary,648,600,740,,549,,565,0.171991507,0.608876462,Yes,"53,379",0.566054098,,83.19,86.46,0.036,2,,22
787,CO-1420-9638,Wilmore-Davis Elementary,Closed,No,Elementary,367,Not Found,349,0,0,,,0.188087361,0.606186518,No,"38,596",0,,0,0,,0,,16
118,CO-1420-3536,Governor's Ranch Elementary,Active,Yes,Elementary,497,420,429,54,469,53,403,0.150452415,0.636213047,Yes,"46,907",0.522270161,,74.81,74.3,0.155,30,,21
153,CO-1420-7833,Shelton Elementary,Active,Yes,Elementary,540,500,444,33,391,30,329,0.115212578,0.631053555,Yes,"53,530",0.780672531,,57.17,58.66,0.209,10,,22
162,CO-1420-9008,Ute Meadows Elementary,Active,Yes,Elementary,540,460,441,17,344,25,358,0.146071904,0.673114782,No,"46,266",0.479678892,,77.74,79.17,0.112333333,2,,21
317,CO-1420-9510,Wheat Ridge High School,Active,Yes,High,1820,1438.2,1309,,886,,825,0.200854267,0.727693761,Yes,"211,311",0.505508936,,56.64,56.64,0.205,0,,39
101,CO-1420-0030,Adams Elementary,Active,Yes,Elementary,497,420,477,64,304,64,327,0.156946722,0.702143368,Yes,"47,737",0.674544292,,40.12,38.08,0.243,8,,21
128,CO-1420-5036,Leawood Elementary,Active,Yes,Elementary,518,432,432,51,328,57,312,0.129248701,0.658635303,No,"48,383",0.508943207,,53.35,51.92,0.153666667,5,,22
132,CO-1420-5524,Maple Grove Elementary,Active,Yes,Elementary,353,440,370,10,371,13,358,0.154072783,0.688850474,Yes,"42,408",0.42710553,,80.12,83.5,0.098333333,23,,15
109,CO-1420-9432,Dennison Elementary,Active,Yes,Option,648,696,625,,574,,593,0.090149605,0.630550366,Yes,"43,420",0.4295377,,0,0,0.066666667,15,,19
166,CO-1420-9328,Weber Elementary,Active,Yes,Elementary,518,428,479,62,346,56,323,0.154721662,0.67480925,No,"51,052",0.530181629,,29.01,28.39,0.218,35,,22
170,CO-1420-9412,Westgate Elementary,Active,Yes,Elementary,626,588,575,27,278,28,305,0.157461785,0.633919456,Yes,"51,207",0.606335716,,29.59,29.8,0.331333333,2,,25
SOLD-1,CO-1420-0776,Bergen Meadow Primary School,Closed,No,Elementary,518,Not Found,326,0,0,,,0.157684494,0.503941578,Yes,"50,555",0,,0,0,,0,,
139,CO-1420-6286,Normandy Elementary,Active,Yes,Elementary,540,460,565,28,281,34,291,0.155619759,0.617337055,No,"55,702",0.634443772,,55.79,56.45,0.109333333,3,,20
215,CO-1420-6470,Oberon Middle School,Active,Yes,Middle,756,795.6,582,,714,,708,0.139158942,0.645841066,Yes,"90,839",0.539684552,,60.25,60.25,0.137,9,,24
402,CO-1420-9245,Warren Tech North,Active,No,Option,524,380.8,12,0,0,,0,0.036491588,0.62353031,Yes,"34,593",0.546008862,,0,0,0,0,,56
159,CO-1420-8280,Stony Creek Elementary,Active,Yes,Elementary,497,472,476,73,370,62,372,0.122809205,0.715421235,No,"45,230",0.641080809,,49.01,46.88,0.158666667,12,,21
775,CO-1420-0109,Arvada K-8,Closed,No,Multi-Level,763,Not Found,631,0,0,,,0.130265618,,Yes,"114,795",0,,80,0,,16,,32
102,CO-1420-0724,Belmar School of Integrated Arts,Active,Yes,Elementary,396,372,316,,256,,181,0.069546013,0.646742437,Yes,"40,873",0.573723822,,23.8,25.13,0.254666667,48,,15
SOLD-2,CO-1420-3450,Glennon Heights Elementary,Closed,No,Elementary,302,Not Assessed,230,0,0,,0,#N/A,#N/A,No,"34,702",0,,0,0,,0,,13
150,CO-1420-7708,Secrest Elementary,Active,Yes,Elementary,418,396,400,47,306,53,253,0.143007617,0.672201426,Yes,"46,373",0.397113398,,26.06,26.47,0.340666667,71,,17
156,CO-1420-8102,South Lakewood Elementary,Active,Yes,Elementary,497,480,519,,383,,327,0.130104956,0.712914598,Yes,"51,794",0.672639932,,45.69,49.59,0.306333333,26,,21
316,CO-1420-8209,Standley Lake High School,Active,Yes,High,1867,1808.8,1317,,1065,,872,0.131424523,0.630194043,No,"193,706",0.647319911,,62.6,62.6,0.167,0,,40
107,CO-1420-1876,Coronado Elementary,Active,Yes,Elementary,475,416,601,34,393,36,347,0.103331046,0.750231532,Yes,"46,544",0.610892294,,66.04,65.33,0.126666667,2,,20
113,CO-1420-2550,Eiber Elementary,Active,Yes,Elementary,396,384,400,36,284,37,271,0.115555789,0.65155431,Yes,"52,018",0.572313561,,38,38.69,0.457666667,14,,15
120,CO-1420-3726,Hackberry Hill Elementary,Active,Yes,Elementary,432,432,501,,419,,332,0.132890791,0.691159707,No,"52,414",0.495674198,,61.15,66.21,0.170666667,83,,18
143,CO-1420-7128,Powderhorn Elementary,Active,Yes,Elementary,569,580,636,16,522,19,457,0.082124545,0.672013738,Yes,"52,135",0.736496683,,50.06,52.16,0.158,79,,20
213,CO-1420-5472,Manning School of Academics and Arts,Active,Yes,Option,655,676.6,447,,710,,716,0.117940531,0.71014498,Yes,"72,678",0.54222507,,0,0,0.057,1,,20
513,CO-1420-0952,Bradford K8 North,Active,Yes,Multi-Level,410,319.6,275,,330,,266,0.143305193,0.685978055,No,"46,070",0.700494179,,76.4,76.4,0.053333333,0,,39
116,CO-1420-3025,Foothills Elementary,Active,Yes,Elementary,418,396,326,68,411,61,414,0.086472415,0.622966496,Yes,"40,063",0.478524707,,37.8,36.36,0.321333333,71,,15
126,CO-1420-5004,Lasley Elementary,Active,Yes,Elementary,691,672,472,,555,,492,0.054216098,0.674409259,Yes,"66,927",0.511241459,,41.46,44.05,0.469333333,199,,32
151,CO-1420-7753,Semper Elementary,Active,Yes,Elementary,518,456,421,71,310,56,302,0.194811735,0.667896217,No,"53,756",0.753015762,,38.76,37.99,0.265333333,19,,22
218,CO-1420-9428,West Jefferson Middle School,Active,Yes,Middle,655,724.2,552,,482,,451,0.094462657,0.680620994,Yes,"104,165",0.718991207,,74.33,74.33,0.124666667,0,,19
171,CO-1420-9490,Westridge Elementary,Active,Yes,Elementary,497,484,501,,416,,426,0.083201647,0.607025518,Yes,"47,105",0.739257221,,58.56,65.66,0.096333333,36,,21
SOLD-5,CO-1420-0148,Allendale Elementary,Closed,No,Elementary,324,Not Assessed,211,0,0,,,0.102600975,#N/A,No,"40,646",0,,0,0,,0,,
112,CO-1420-2496,Edgewater Elementary,Active,Yes,Elementary,497,436,508,35,329,35,318,0.108365205,0.610689779,Yes,"45,204",0.496279105,,53.18,53.56,0.463666667,8,,18
114,CO-1420-2616,Elk Creek Elementary,Active,Yes,Elementary,475,488,317,37,302,35,347,0.098182897,0.739335008,Yes,"51,181",0.573824652,,58.23,58.76,0.118333333,0,,20
209,CO-1420-2820,Everitt Middle School,Active,Yes,Middle,738,669.8,425,,437,,513,0.089333811,0.676951823,No,"103,698",0.621548382,,35.65,35.65,0.290333333,16,,24
211,CO-1420-4548,Ken Caryl Middle School,Active,Yes,Middle,907,914.6,654,,694,,677,0.121958814,0.632497674,Yes,"101,389",0.66841663,,69.93,69.93,0.146333333,1,,30
127,CO-1420-5024,Lawrence Elementary,Active,Yes,Elementary,367,384,353,,412,,346,0.093500873,0.77010672,Yes,"47,139",0.610333175,,33.93,38.19,0.358666667,107,,17
786,CO-1420-6844,Peiffer Elementary,Closed,No,Elementary,475,Not Found,410,0,0,,,0.147431329,0.516061962,No,"44,016",0,,0,0,,0,,20
104,CO-1420-0951,Blue Heron Elementary,Active,Yes,Elementary,518,488,501,37,331,36,286,0.073216323,0.638211836,Yes,"55,083",0.651018001,,45.36,44.04,0.231,4,,24
136,CO-1420-6133,Mortensen Elementary,Active,Yes,Elementary,540,420,481,18,230,25,221,0.098682958,0.696603174,Yes,"52,158",0.62390997,,52.36,54.55,0.224333333,2,,22
137,CO-1420-6135,Mount Carbon Elementary,Active,Yes,Elementary,540,476,471,67,342,68,332,0.103863563,0.670277432,No,"51,928",0.64859487,,59.63,58.51,0.137,8,,22
523,CO-1420-7114,Pomona Junior/Senior High School,Active,Yes,Multi-Level,2105,1638.8,1499,,1208,,1152,0.103284497,0.678084072,Yes,"203,945",0.626389313,,44.7,44.7,0.229666667,140,,44
504,CO-1420-8036,Sobesky Academy,Active,Yes,Alternative,449,284,62,,88,,89,0.093793321,0.694446804,Yes,"53,724",0.75698797,,0,0,0.613666667,5,,20
110,CO-1420-2194,Devinny Elementary,Active,Yes,Elementary,518,504,543,,511,,533,0.08878062,0.767599257,No,"52,618",0.554944306,,74.72,77.35,0.087333333,31,,22
777,CO-1420-8248,Emory Elementary,Closed,No,Elementary,713,Not Found,712,0,0,,,#N/A,,Yes,"107,786",0,,0,0,,0,,28
135,CO-1420-5944,Mitchell Elementary,Active,Yes,Elementary,518,600,538,,453,,431,0.134977779,0.650907414,Yes,"53,034",0.621641515,,74.18,76.42,0.074666667,0,,22
401,CO-1420-9234,Warren Tech,Active,No,Option,762,952,39,,38,,27,0.065944394,0.506645734,No,"166,995",0.538997188,,0,0,0,0,,
140,CO-1420-6804,Parmalee Elementary,Active,Yes,Elementary,346,288,265,,267,,293,0.097835902,0.635906194,Yes,"37,239",0.475150908,,76.36,79.25,0.084,6,,14
147,CO-1420-7483,Rooney Ranch Elementary,Active,Yes,Elementary,583,592,539,,483,,482,0.08618145,0.703739148,Yes,"53,635",0.783803612,,73.65,75.99,0.037666667,22,,22
201,CO-1420-0694,Bell Middle School,Active,Yes,Middle,1008,907.8,744,,769,,748,0.124257606,0.737098446,No,"125,740",0.610867839,,62.42,62.42,0.156,0,,28
512,CO-1420-0950,Bradford K8 South,Active,Yes,Multi-Level,497,304,442,,338,,324,0.062632584,0.7027438,Yes,"48,682",0.71852945,,84.49,88.15,0.018,0,,
202,CO-1420-1318,Carmody Middle School,Active,Yes,Middle,839,941.8,569,,554,,506,0.081597881,0.730376651,Yes,"99,694",0.655728441,,31.41,31.41,0.268333333,1,,26
306,CO-1420-1864,Columbine High School,Active,Yes,High,2207,1795.2,1664,,1663,,1515,0.08377334,0.751548911,No,"238,149",0.590144157,,80.39,80.39,0.145666667,0,,56
131,CO-1420-5354,Lumberg Elementary,Active,Yes,Elementary,540,464,496,37,477,38,392,0.087244867,0.669190165,Yes,"64,020",0.588308429,,48.37,49.33,0.499666667,129,,20
782,CO-1420-6090,Moore Middle School,Closed,No,Middle,662,Not Found,421,0,0,,,0.106576229,0.612004875,Yes,"83,756",0,,0,0,,0,,22
503,CO-1420-3201,Free Horizon Montessori PK-8,Active,Yes,Option,425,324,399,93,383,73,315,0.092174804,0.493372399,No,"49,079",0.418013581,,0,0,0.136333333,3,,14
214,CO-1420-6330,North Arvada Middle School,Active,Yes,Middle,756,788.8,443,,479,,423,0.093630739,0.774248905,Yes,"113,554",0.666570704,,36.36,36.36,0.317666667,101,,24
301,CO-1420-0370,Arvada High School,Active,Yes,High,1748,1642.2,937,,672,,457,0.113895459,0.703631096,Yes,"236,196",0.624347348,,38.84,38.84,0.354333333,0,,35
307,CO-1420-1886,Conifer High School,Active,Yes,High,1398,1173,781,,805,,738,0.076552062,0.794736002,No,"166,224",0.68013,,80.74,80.74,0.093333333,0,,28
311,CO-1420-3628,Green Mountain High School,Active,Yes,High,1939,1689.8,1126,,1077,,1024,0.060652486,0.584177762,Yes,"199,223",0.515336291,,63.24,63.24,0.124,0,,41
149,CO-1420-7529,Ryan Elementary,Active,Yes,Elementary,590,608,471,20,500,25,467,0.05058819,0.727907171,Yes,"50,545",0.692973559,,64.56,65.36,0.180666667,156,,24
152,CO-1420-7780,Shaffer Elementary,Active,Yes,Elementary,518,496,535,19,506,20,472,0.075029278,0.830612744,No,"53,368",0.597381832,,68.35,69.58,0.078,3,,20
168,CO-1420-9424,West Jefferson Elementary,Active,Yes,Elementary,410,352,400,54,242,50,228,0.044468261,0.785949421,Yes,"48,100",0.651605332,,43.58,39.54,0.144,1,,16
204,CO-1420-1976,Creighton Middle,Active,Yes,Middle,914,907.8,705,,696,,600,0.096337481,0.618594698,Yes,"133,082",0.653411913,,57.71,57.71,0.28,9,,30
205,CO-1420-2130,Deer Creek Middle School,Active,Yes,Middle,1058,1115.2,678,,565,,513,0.072675478,0.683389802,No,"120,366",0.763646607,,70.89,70.89,0.119333333,0,,34
206,CO-1420-2288,Drake Middle School,Active,Yes,Middle,990,1190,685,,988,,999,0.085857642,0.716533726,Yes,"123,953",0.537246282,,70.66,70.66,0.105,18,,30
312,CO-1420-4942,Lakewood High School,Active,Yes,High,2041,2053.6,2099,,1724,,1503,0.062802129,0.720619963,Yes,"248,135",0.527601088,,60.29,60.29,0.180333333,0,,52
216,CO-1420-8381,Summit Ridge Middle School,Active,Yes,Middle,1008,1105,798,,841,,723,0.074529247,0.764967932,No,"133,587",0.775445328,,71.35,71.35,0.142,0,,33
172,CO-1420-9648,Wilmot Elementary,Active,Yes,Elementary,454,408,397,55,350,59,357,0.060017455,0.785506203,Yes,"56,727",0.614662258,,62.26,59.88,0.119,3,,18
103,CO-1420-0779,Bergen Elementary School,Active,Yes,Elementary,518,496,292,54,452,61,450,0.040935613,0.718704239,Yes,"42,281",0.693149426,,56.35,53.23,0.082666667,177,,14
203,CO-1420-4798,Connections Learning Center,Active,Yes,Alternative,282,176.8,38,,11,,19,0.080480133,0.64140638,No,"20,500",0.712138158,,0,0,0.212,2,,9
310,CO-1420-3502,Golden High School,Active,Yes,High,1534,1356.6,1250,,1458,,1484,0.070193614,0.703258557,Yes,"187,259",0.70109349,,69.66,69.66,0.109333333,0,,31
522,CO-1420-4422,Jefferson Junior/Senior High School,Active,Yes,Multi-Level,1135,972.4,731,,545,,429,0.172121777,0.773281123,Yes,"123,773",0.440996417,,58.14,58.14,0.456333333,1,,
130,CO-1420-5350,Lukas Elementary,Active,Yes,Elementary,446,444,519,,407,,360,0.086339397,0.741475091,No,"47,742",0.676861333,,43.3,46.57,0.187,132,,20
212,CO-1420-5454,Mandalay Middle School,Active,Yes,Middle,630,720.8,426,,401,,357,0.067875823,0.682993359,Yes,"88,977",0.745597537,,57.12,57.12,0.218333333,11,,20
122,CO-1420-6539,Jefferson County Open Elementary School,Active,Yes,Option,904,304,223,20,238,28,248,0.038830209,0.734472718,Yes,"51,314",0.422960036,,0,0,0.171,5,,
,CO-1420-6541,Jefferson County Open Secondary,Active,No,#N/A,#N/A,Not Assessed,#N/A,,316,,335,#N/A,#N/A,No,#N/A,#N/A,,0,0,0.169333333,0,,
157,CO-1420-8223,Stevens Elementary,Active,Yes,Elementary,569,552,476,54,482,46,409,0.067302926,0.623899763,Yes,"111,703",0.794841558,,37.52,38.51,0.345333333,119,,24
SOLD-4,CO-1420-8834,Thomson Elementary,Closed,No,Elementary,518,Not Assessed,428,0,0,,,#N/A,#N/A,Yes,"48,832",0,,0,0,,0,,22
302,CO-1420-0378,Arvada West High School,Active,Yes,High,1946,1615,1751,,1905,,1877,0.095110665,0.776582099,No,"237,052",0.65231511,,70.1,70.1,0.135333333,0,,47
308,CO-1420-2093,Dakota Ridge High School,Active,Yes,High,2041,1764.6,1509,,1266,,1052,0.063671037,0.759150595,Yes,"236,407",0.694525225,,64.13,64.13,0.122333333,0,,50
309,CO-1420-2836,Evergreen High School,Active,Yes,High,1589,1339.6,1058,,830,,725,0.041925551,0.786550959,Yes,"209,129",0.508216627,,85.1,85.1,0.068,0,,36
208,CO-1420-2832,Evergreen Middle School,Active,Yes,Middle,706,673.2,712,,495,,486,0.055556532,0.689185331,No,"111,715",0.634202369,,71.62,71.62,0.070333333,0,,22
410;411,CO-1420-4307,Irwin Preschool,Closed,No,Option,0,Not Assessed,0,0,0,,,0.038295018,#N/A,Yes,"10,705",0,,0,0,,0,,
,CO-1420-4127,Jeffco Remote Learning Program,Active,No,Option,0,Not Assessed,0,,,,156,#N/A,#N/A,Yes, -   ,0,,0,0,0.197333333,10,,
,CO-1420-4408,Jeffco Virtual Academy,Active,No,Option,0,Not Assessed,313,,,,321,#N/A,#N/A,No, -   ,0.076923077,,0,0,0.132333333,3,,
134,CO-1420-5758,Meiklejohn Elementary,Active,Yes,Elementary,691,692,777,33,540,35,563,0.076522484,0.666060489,Yes,"69,795",0.804688676,,71.69,71.63,0.06,8,,28
145,CO-1420-7238,Ralston Elementary,Active,Yes,Elementary,410,380,358,,291,,275,0.050776034,0.661615534,Yes,"51,304",0.422702333,,84.67,87.59,0.034666667,0,,17
315,CO-1420-7239,Ralston Valley High School,Active,Yes,High,2303,1951.6,1828,,1882,,1975,0.053726822,0.701385552,No,"239,199",0.782949975,,78.28,78.28,0.051666667,0,,61
520,CO-1420-0108,Alameda International Junior/Senior High School,Active,Yes,Multi-Level,1493,1343,1282,,948,,745,0.040111816,0.829900544,Yes,"262,863",0.674065967,,42.52,42.52,0.379666667,2,,31
303,CO-1420-0664,Bear Creek High School,Active,Yes,High,2303,1815.6,1634,,1281,,1134,0.052696819,0.780250128,Yes,"255,986",0.807100226,,44.08,44.08,0.231333333,0,,88
305,CO-1420-1522,Chatfield Senior High School,Active,Yes,High,2415,2023,1811,,1786,,1804,0.058770162,0.77225474,No,"275,727",0.712157651,,75.5,75.5,0.094,0,,59
210,CO-1420-2963,Falcon Bluffs Middle School,Active,Yes,Middle,857,724.2,635,,577,,494,0.068302656,0.778087422,Yes,"113,571",0.79524632,,71.26,71.26,0.118333333,0,,29
521,CO-1420-2120,D'Evelyn Junior/Senior High School,Active,Yes,Option,1320,1237.6,1022,,1206,,1221,0.040499046,0.710655816,Yes,"154,002",0.708045337,,0,0,0.049666667,2,,34
314,CO-1420-0033,McLain Community High School,Active,Yes,Alternative,738,833,375,,331,,213,0.099588016,0.510371517,No,"79,113",0.723882984,,0,0,0.312333333,0,,19
510,CO-1420-0660,Bear Creek K-8,Active,Yes,Multi-Level,1138,844,1104,,792,,663,0.081896816,0.70363133,Yes,"122,367",0.770161528,,42.5,46.9,0.236,16,,
207,CO-1420-2300,Dunstan Middle School,Active,Yes,Middle,1008,989.4,626,,782,,853,0.084249732,0.901830633,Yes,"135,745",0.788685908,,68.72,68.72,0.165666667,2,,32
154,CO-1420-7870,Sierra Elementary,Active,Yes,Elementary,655,648,545,56,495,53,533,0.023523241,0.85816014,No,"69,882",0.861452805,,58.71,57.73,0.096,21,,26
217,CO-1420-9299,Wayne Carle Middle School,Active,Yes,Middle,706,809.2,402,,434,,449,0.040829121,0.804513623,Yes,"105,483",0.88404502,,50.42,50.42,0.124666667,1,,23
931,CO-1420-1451,Addenbrooke Classical Academy,Active,No,Charter,0,Not Assessed,192,,,,216,#N/A,#N/A,Yes, -   ,0,,0,0,0.143333333,6,,
951,CO-1420-0491,Addenbrooke Classical Academy (PK - 8th),Active,No,Charter,0,Not Assessed,213,49,821,53,915,#N/A,#N/A,No, -   ,0,,0,0,0.123,0,,
,CO-1420-7701,Collegiate Academy,Active,No,Charter,0,Not Assessed,354,8,241,13,173,#N/A,#N/A,Yes, -   ,0,,0,0,0.161,3,,
,CO-1420-1880,Compass Montessori,Active,No,Charter,0,Not Assessed,404,40,428,40,418,#N/A,#N/A,Yes, -   ,0,,0,0,0.085333333,0,,
901,CO-1420-1869,Compass Montessori Wheat Ridge,Active,No,Charter,0,Not Assessed,284,54,287,54,274,#N/A,#N/A,No, -   ,0,,0,0,0.054333333,0,,
789,CO-1420-2189,Doral Academy of Colorado,Active,No,Charter,0,Not Assessed,0,,,,129,0.139462487,#N/A,Yes, -   ,0,,0,0,0.256,6,,21
958,CO-1420-2799,Excel Academy,Active,No,Charter,0,Not Assessed,517,,,,400,#N/A,#N/A,Yes, -   ,0,,0,0,0.139666667,8,,
,CO-1420-3691,Great Work Montessori,Closed,No,Charter,0,Not Assessed,0,0,0,,,#N/A,#N/A,No, -   ,0,,0,0,,0,,
,CO-1420-9980,Jeffco Central Services,Active,No,Option,0,Not Assessed,0,,,,,0.093511709,#N/A,Yes, -   ,0,,0,0,,3,,
,CO-1420-4404,Jefferson Academy,Active,No,Charter,0,Not Assessed,897,,,,1036,#N/A,#N/A,Yes, -   ,0,,0,0,0.087,1,,
902,CO-1420-4402,Jefferson Academy Elementary,Active,No,Charter,0,Not Assessed,697,29,773,30,787,#N/A,#N/A,No, -   ,0,,0,0,0.091666667,13,,
965,CO-1420-4410,Jefferson Academy Secondary,Active,No,Charter,0,Not Assessed,414,,,,673,#N/A,#N/A,Yes, -   ,0,,0,0,0.059,2,,
,CO-1420-5145,Lincoln Academy,Active,No,Charter,0,Not Assessed,694,60,804,58,807,#N/A,#N/A,Yes, -   ,0,,0,0,0.13,24,,
954,CO-1420-5994,Montessori Peaks Academy,Active,No,Charter,0,Not Assessed,557,55,486,50,473,#N/A,#N/A,No, -   ,0,,0,0,0.083333333,8,,
955,CO-1420-6139,Mountain Phoenix Community School,Active,No,Charter,0,Not Assessed,616,67,669,55,659,#N/A,#N/A,Yes, -   ,0,,0,0,0.118333333,7,,
933,CO-1420-6237,New America School,Active,No,Charter,0,Not Assessed,290,,,,42,#N/A,#N/A,Yes, -   ,0,,0,0,0.75,0,,
959,CO-1420-7462,Rocky Mountain Academy of Evergreen,Active,No,Charter,0,Not Assessed,429,,,,344,#N/A,#N/A,No, -   ,0,,0,0,0.037333333,3,,
962,CO-1420-5415,Rocky Mountain Deaf School,Active,No,Charter,0,Not Assessed,69,10,86,11,73,#N/A,#N/A,Yes, -   ,0,,0,0,0.496,1,,
,CO-1420-8793,Two Roads Charter School,Active,No,Charter,0,Not Assessed,626,14,606,14,580,#N/A,#N/A,Yes, -   ,0.115384615,,0,0,0.083,11,,
403,CO-1420-1001,Warren Tech South,Active,No,Option,143,166.6,0,0,0,,0,0,0.725456019,No, -   ,0.84875,,0,0,0,0,,
956,CO-1420-9427,Woodrow Wilson Academy,Active,No,Charter,0,Not Assessed,883,24,960,24,872,#N/A,#N/A,Yes, -   ,0,,0,0,0.068333333,13,,
124,CO-1420-4550,Kendrick Lakes Elementary,Active,Yes,Elementary,461,452,474,37,416,43,484,0.000114444,0.836501177,Yes,"58,511",0.933164716,,52.31,52.94,0.17,11,,16
511,CO-1420-8856,Three Creeks K-8,Active,Yes,Multi-Level,1001,784,0,,1027,,999,0,0.742820816,No,"100,856",0.675683333,,74.98,77.22,0.061333333,12,,22
138,CO-1420-6285,Norma Anderson Early Learning Center,Active,No,Option,96,Not Found,0,87,0,,,0.195455155,0.713552725,Yes,"13,742",0.723629052,,0,0,0.113,10,,
