SystemCategory,Project,Unit,UnitCost,Value,ScopeAssumption,UpgradeScopeAssumption,SizeAssumptions
00_general,ADA compliance,Project cost,5%,0.5,Allowance against total project value for ADA compliance modifications across various project elements.,,
01_new construction,Demolition,SF,11.7,0.5,"Includes demolition, site clearance, and disposal of building materials. Excludes hazmat abatement.",,"50,000 SF"
01_new construction,New administrative / support site,SF,904.332,0.5,"Construction of a new administrative / support site with all necessary utilities and finishes. Assumes a 1.5 to 2-acre fully developed site. Intended as a full building replacement cost, not a small addition. Excludes new furniture.",,"10,000 SF"
01_new construction,New auditorium,SF,1125.3,0.5,Construction of a new auditorium with all necessary utilities and finishes. Can be applied as a standalone building addition cost.,,"11,000 SF"
01_new construction,New cafeteria,SF,676.77247,0.5,Construction of a new cafeteria with all necessary utilities and finishes. Can be applied as a standalone building addition cost.,,"5,600 SF"
01_new construction,New construction ES,SF,566.49648,0.5,"Construction of a new school building with all necessary utilities and finishes. Intended as a full building replacement cost, not a small addition. Excludes new furniture.",,"80,700 SF"
01_new construction,New construction HS,SF,623.1712256,0.5,"Construction of a new school building with all necessary utilities and finishes. Intended as a full building replacement cost, not a small addition. Assumes 30,000 SF of new facility is CTE space. Excludes new furniture.",,"250,000 SF"
01_new construction,New construction K-8,SF,577.50396,0.5,"Construction of a new school building with all necessary utilities and finishes. Intended as a full building replacement cost, not a small addition. Excludes new furniture.",,"90,000 SF"
01_new construction,New construction MS,SF,588.4978,0.5,"Construction of a new school building with all necessary utilities and finishes. Intended as a full building replacement cost, not a small addition. Excludes new furniture.",,"150,000 SF"
01_new construction,New construction OELS,Quantity,126830300,0.5,Construction of a new OELS campus with all necessary utilities and finishes. Excludes new furniture.,,See 2nd tab
01_new construction,New gym,SF,513.973614,0.5,Construction of a new gym with all necessary utilities and finishes. Can be applied as a standalone building addition cost.,,"8,000 SF"
01_new construction,New gym locker rooms,SF,1138.94,0.5,Construction of new gym locker rooms with all necessary utilities and finishes. Includes slab on grade removal and new plumbing. May be applied as a standalone building addition cost.,,"2,500 SF"
01_new construction,New kitchen,SF,1134.6434,0.5,Construction of a new kitchen with all necessary utilities and finishes. Can be applied as a standalone building addition cost.,,"3,000 SF"
01_new construction,New stadium,SF,2212.408,0.5,"Construction of a new stadium, track, field, restrooms, concessions, ticketing, minor support, and storage with all necessary utilities and finishes.",,"10,000 SF"
04_campus upgrade,Artificial turf field replacement and track resurfacing - HS,Quantity,1923350,0.5,"Replacement of existing artificial turf field and resurfacing of existing track and D-Zone. Includes turf removal, new turf system, drainage improvements, select asphalt improvements, track and D-Zone surfacing, and perimeter landscaping restoration. Excludes new grandstands. Structural and exterior improvements have not been included.",,"Turf 77,255 SF, 8 Lane Track"
04_campus upgrade,Bioswales,SF,108.68,0.5,"Excavation and grading, bioswale channel construction, native vegetation, and drainage connections. Excludes hardscaping and irrigation.",,"2,500 SF"
04_campus upgrade,Classroom furniture upgrades - ES (per campus),Quantity,750000,0.5,"New furniture, delivery, and installation for entire school building.",,
04_campus upgrade,Classroom furniture upgrades - ES (per classroom),Quantity,22000,0.5,"New classroom furniture, delivery, and installation.",,
04_campus upgrade,Classroom furniture upgrades - HS (per campus),Quantity,3000000,0.5,"New furniture, delivery, and installation for entire school building.",,
04_campus upgrade,Classroom furniture upgrades - HS (per classroom),Quantity,25000,0.5,"New classroom furniture, delivery, and installation.",,
04_campus upgrade,Classroom furniture upgrades - MS (per campus),Quantity,1500000,0.5,"New furniture, delivery, and installation for entire school building.",,
04_campus upgrade,Classroom furniture upgrades - MS (per classroom),Quantity,24000,0.5,"New classroom furniture, delivery, and installation.",,
04_campus upgrade,Exterior LED lighting upgrades (building-mounted),Quantity,5005,0.5,Replacement of existing building-mounted exterior lighting fixtures with energy-efficient LED. Includes fixtures and controls.,,-
04_campus upgrade,Exterior LED lighting upgrades (pole-mounted),Quantity,10725,0.5,Replacement of existing pole-mounted exterior lighting fixtures with energy-efficient LED. Includes fixtures and controls. Excludes pole replacement.,,-
04_campus upgrade,"Front of school branding, landscape upgrades",SF,28.6,0.5,"Non-electronic building-mounted signage and lettering, landscaping, branding elements, and hardscaping.",,"6,500 SF"
04_campus upgrade,Improve drop-off / pick-up zone,SF,32.57971698,0.5,"Demolition, fine grading, paving, curb and gutter, ADA ramps and truncated domes, sidewalk, 4' chain link fence, minimal electrical, minimal storm drainage, and landscape restoration.",,"26,500 SF"
04_campus upgrade,Install new artificial turf field and track - MS,Quantity,5577000,0.5,"Installation of new artificial turf field and 6-lane track. Includes grading, drainage, turf system, track and D-Zone surfacing, and perimeter landscaping restoration. Assumes no existing turf or track in place. Excludes new grandstands.",,"Turf 95,447 SF, 6 Lane Track"
04_campus upgrade,Install new athletic field lighting,Quantity,929500,0.5,"Poles, fixtures, electrical infrastructure, and controls. Assumes existing electrical service capacity is adequate. Basis of design: Mussco Lighting.",,4 Poles
04_campus upgrade,Interior LED lighting upgrades,SF,11.44,0.5,"Replacement of existing interior fixtures with energy-efficient LED lighting. Fixtures, controls, and dimming systems where applicable. Existing ceilings to remain.",,"65,000 SF"
04_campus upgrade,Large shade structure installation (16'x32'),Quantity,107250,0.5,"Structure, foundation, and related site work. Assumes 16'x32' structure. Excludes hardscaping and landscaping.",,512 SF
04_campus upgrade,Level 1 - campus landscaping upgrade - standard,SF,6.7925,0.5,"Planting and irrigation. Assumes large turf areas (~80-90%) with limited drip irrigation (~10-20%). Excludes lighting, hardscaping, and sod.",,"10,000 SF"
04_campus upgrade,Level 2 - campus landscaping upgrade - climate resiliency,SF,8.83025,0.5,"Native drought-resistant plantings and groundcover, irrigation. Assumes large turf areas (~80-90%) with limited drip irrigation (~10-20%). Excludes lighting, hardscaping, and sod.",,"10,000 SF"
04_campus upgrade,Level 1 - security package - ES,Quantity,226726.5,0.65,"Existing access control system hardware upgrade, door phone upgrade at main entry, security camera system hardware upgrade, door hardware replacement at main entry, intrusion detection system hardware upgrade, and emergency lockdown wiring and associated door hardware upgrade.",,"65,000 SF"
04_campus upgrade,Level 1 - security package - HS,Quantity,488738.25,0.65,"Existing access control system hardware upgrade, door phone upgrade at main entry, security camera system hardware upgrade, door hardware replacement at main entry, intrusion detection system hardware upgrade, and emergency lockdown wiring and associated door hardware upgrade.",,"250,000 SF"
04_campus upgrade,Level 1 - security package - MS,Quantity,331080.75,0.65,"Existing access control system hardware upgrade, door phone upgrade at main entry, security camera system hardware upgrade, door hardware replacement at main entry, intrusion detection system hardware upgrade, and emergency lockdown wiring and associated door hardware upgrade.",,"150,000 SF"
04_campus upgrade,Level 2 - security package - ES,Quantity,1063438.09,0.5,"All Level 1 scope items. Expanded access control at secondary entries and interior zones, door hardware replacement at all secondary entries, expanded security camera coverage at new interior and exterior locations, exterior site lighting hardware upgrades at existing locations, and intrusion detection system hardware expansion (window contact and glass break sensors at all accessible windows).",,"65,000 SF"
04_campus upgrade,Level 2 - security package - HS,Quantity,1968842.59,0.5,"All Level 1 scope items. Expanded access control at secondary entries and interior zones, door hardware replacement at all secondary entries, expanded security camera coverage at new interior and exterior locations, exterior site lighting hardware upgrades at existing locations, intrusion detection system hardware expansion (window contact and glass break sensors at all accessible windows), and lockdown/lockout system with visualization.",,"250,000 SF"
04_campus upgrade,Level 2 - security package - MS,Quantity,1459083.34,0.5,"All Level 1 scope items. Expanded access control at secondary entries and interior zones, door hardware replacement at all secondary entries, expanded security camera coverage at new interior and exterior locations, exterior site lighting hardware upgrades at existing locations, and intrusion detection system hardware expansion (window contact and glass break sensors at all accessible windows).",,"150,000 SF"
04_campus upgrade,Level 3 - security package - ES,Quantity,2089413.04,0.35,"All Level 2 scope items. Security vestibule redesign, security glazing upgrades at all main level glass, exterior site lighting expansion at new locations, and concealed and brandished weapon detection system. WAP connectivity to local law enforcement for camera access included.",,"65,000 SF"
04_campus upgrade,Level 3 - security package - HS,Quantity,3421423.72,0.35,"All Level 2 scope items. Security vestibule redesign, security glazing upgrades at all main level glass, exterior site lighting expansion at new locations, concealed and brandished weapon detection system, concealed weapon detection portal at main entry, and WAP connectivity to local law enforcement for camera access.",,"250,000 SF"
04_campus upgrade,Level 3 - security package - MS,Quantity,2631528.9,0.35,"All Level 2 scope items. Security vestibule redesign, security glazing upgrades at all main level glass, exterior site lighting expansion at new locations, concealed and brandished weapon detection system, concealed weapon detection portal at main entry, and WAP connectivity to local law enforcement for camera access.",,"150,000 SF"
04_campus upgrade,New outdoor classroom,Quantity,252395,0.5,"16'x32' shade structure, picnic tables, hardscaping, minimal earthwork, drainage, electrical, and landscape repair.",,750 SF
04_campus upgrade,Parking lot expansion,SF,19.305,0.5,"New parking spaces, paving, striping, grading, and perimeter landscaping restoration. Assumes standard 9'x18' parking space with 24' drive lane. Excludes lighting and curb cuts.",,"11,665 SF (50 Spaces)"
04_campus upgrade,Playground replacement (3rd-5th grades),SF,71.5,0.5,"Removal of existing equipment and installation of new age-appropriate play structures, safety surfacing, ADA accessible pathways, and associated site work.",,"6,000 SF"
04_campus upgrade,Playground replacement (ECE grades),SF,95.81,0.5,"Removal of existing equipment and installation of new age-appropriate play structures, safety surfacing, ADA accessible pathways, and associated site work.",,"2,500 SF"
04_campus upgrade,Playground replacement (K-2nd grades),SF,85.8,0.5,"Removal of existing equipment and installation of new age-appropriate play structures, safety surfacing, ADA accessible pathways, and associated site work.",,"4,000 SF"
04_campus upgrade,Resurface asphalt,SF,4.147,0.5,"2"" mill overlay and striping. ADA features not included. Flat surface only.",,"25,000 SF"
04_campus upgrade,Resurface concrete,SF,20.735,0.5,"Removal and replacement of 4"" standard gray sidewalk. ADA features not included.",,"5,000 SF"
04_campus upgrade,Small shade structure installation (12'x12'),Quantity,35750,0.5,"Structure, foundation, and related site work. Assumes 12'x12' structure. Excludes hardscaping and landscaping.",,144 SF
05_Modernization,Level 1 - light modernization - interiors,SF,72.82275,0.65,"Demolish and replace ceilings, flooring, painting, and lighting. Partitions to remain in place. Assumes re-use of all major mechanical equipment. Excludes new furniture, structural improvements, and exterior improvements.",,"10,000 SF"
05_Modernization,Level 2 - targeted modernization - admin,SF,265.265,0.5,"New interior finishes, minimal partition reconfiguration, new lighting, and updated data cabling. Includes HVAC sheetmetal and controls reconfiguration; assumes re-use of all major mechanical equipment. Excludes new furniture, structural improvements, and exterior improvements.",,"2,500 SF"
05_Modernization,Level 2 - targeted modernization - auditorium,SF,443.3,0.5,"Scope may include a combination of interior finish updates, fixture replacements, MEP updates, ADA compliance improvements, theatrical upgrades, seating replacement, or acoustic improvements, but not all elements at once. Excludes new furniture. Assumes re-use of all major mechanical equipment. Structural and exterior improvements have not been included.",,"8,000 SF"
05_Modernization,Level 2 - targeted modernization - cafeteria,SF,210.21,0.5,"New ceilings, flooring, paint, built-in accessories, and window coverings. Includes HVAC supply and return grille replacement and sprinkler head relocation; assumes re-use of all major mechanical equipment. Excludes new furniture, structural improvements, and exterior improvements.",,"5,600 SF"
05_Modernization,Level 2 - targeted modernization - classrooms,SF,159.5165,0.5,"New ceilings, flooring, paint, built-in accessories (Div. 10), window coverings, and lighting across a minimum of six classrooms and corresponding hallways. Includes HVAC supply and return grille replacement and sprinkler head reinstallation; assumes re-use of all major mechanical equipment and existing communications and security/safety systems (Div. 27-28). Excludes new furniture, structural improvements, and exterior improvements.",,"9,000 SF"
05_Modernization,Level 2 - targeted modernization - group restrooms,SF,420.42,0.5,"Replacement of plumbing fixtures in place, new countertops, paint, toilet accessories, and lighting. Existing tile and plumbing locations to remain. Assumes re-use of all major mechanical equipment. Structural and exterior improvements have not been included.",,"1,800 SF"
05_Modernization,Level 2 - targeted modernization - gym,SF,240.24,0.5,"Scope may include a combination of flooring, acoustical wall panels, paint, gym equipment, bleacher replacement, or lighting upgrades, but not all elements at once. Excludes new furniture. Assumes re-use of all major mechanical equipment. Structural and exterior improvements have not been included.",,"7,700 SF"
05_Modernization,Level 2 - targeted modernization - gym locker rooms,SF,906.41551,0.5,"Includes replacement of plumbing fixtures, minor plumbing line adjustments, new ceilings, flooring, paint, lockers, toilet accessories, and lighting. Includes PE office upgrades. Assumes re-use of all major mechanical equipment. Structural and exterior improvements have not been included.",,"1,500 SF"
05_Modernization,Level 2 - targeted modernization - kitchen - ES,SF,826.36125,0.5,"New ceilings, flooring, paint, plumbing fixtures in place, HVAC supply and return grille replacement, sprinkler head reinstallation, lighting, and kitchen equipment. Assumes re-use of all major mechanical equipment. Structural and exterior improvements have not been included.",,"2,800 SF Kitchen and 65,000 ES"
05_Modernization,Level 2 - targeted modernization - kitchen - MS,SF,884.9465625,0.5,"New ceilings, flooring, paint, plumbing fixtures in place, HVAC supply and return grille replacement, sprinkler head reinstallation, lighting, and kitchen equipment. Assumes re-use of all major mechanical equipment. Structural and exterior improvements have not been included.",,"3,000 SF Kitchen and 150,000 MS"
05_Modernization,Level 2 - targeted modernization - kitchen - HS,SF,894.196875,0.5,"New ceilings, flooring, paint, plumbing fixtures in place, HVAC supply and return grille replacement, sprinkler head reinstallation, lighting, and kitchen equipment. Assumes re-use of all major mechanical equipment. Structural and exterior improvements have not been included.",,"3,500 SF Kitchen, 250,000 SF HS"
05_Modernization,Level 2 - targeted modernization - library / media center,SF,328.9,0.5,"New front desk millwork, ceilings, flooring, paint, HVAC supply and return grille replacement, sprinkler head reinstallation, lighting, and minor storage and office updates. Assumes re-use of all major mechanical equipment. Excludes new furniture, structural improvements, and exterior improvements.",,"2,500 SF"
05_Modernization,Level 2 - targeted modernization - main entry / vestibule,SF,378.95,0.5,"New entry counter, doors, admin glazing, flooring, paint, access control, and security cameras. Includes minimal ceiling, HVAC, sprinkler, electrical, and lighting updates. Assumes re-use of all major mechanical equipment. Excludes new furniture, structural improvements, and exterior improvements.",,950 SF
05_Modernization,Level 2 - targeted modernization - multipurpose room,SF,,0.5,Targeted modernization of the multipurpose room. Unit cost to be provided.,,
05_Modernization,Level 2 - targeted modernization - science labs (MS & HS),SF,429.9295,0.5,"Upgrades to existing science lab space including minimal reconfiguration of layout. Includes new fixtures, flooring, durable finishes, and lighting. Assumes re-use of existing plumbing, gas connections, and all major mechanical equipment. Excludes new furniture, structural improvements, and exterior improvements.",,"5,000 SF"
05_Modernization,Level 3 - heavy modernization - admin,SF,378.95,0.35,"Full demolition and reconstruction of existing space. Includes HVAC sheetmetal and controls reconfiguration; assumes re-use of all major mechanical equipment. Excludes new furniture, structural improvements, and exterior improvements.",,"2,500 SF"
05_Modernization,Level 3 - heavy modernization - auditorium,SF,886.6,0.35,"Full demolition and reconstruction of existing space. Assumes re-use of all major mechanical equipment. Excludes exterior improvements, canopies, hallways, sitework, and new furniture. Structural and exterior improvements have not been included.",,"8,000 SF"
05_Modernization,Level 3 - heavy modernization - cafeteria,SF,307.45,0.35,"Full demolition and reconstruction of existing space. Includes millwork, doors, minor storefront work, drywall, ceilings, flooring, paint, built-in accessories (Div. 10), window coverings, HVAC updates, sprinkler head relocation, lighting, AV and sound, and kitchen equipment. Assumes re-use of all major mechanical equipment. Excludes new furniture, structural improvements, and exterior improvements.",,"5,600 SF"
05_Modernization,Level 3 - heavy modernization - classrooms,SF,264.55,0.35,"Full demolition and reconstruction across a minimum of six classrooms and corresponding hallways. Assumes re-use of demising partitions, hallway hydronics, and all major mechanical equipment. Excludes new furniture, structural improvements, and exterior improvements.",,"9,000 SF"
05_Modernization,Level 3 - heavy modernization - group restrooms,SF,600.6,0.35,Full demolition and reconstruction. Plumbing lines to remain in place with minimal slab on grade removal and replacement. Assumes re-use of all major mechanical equipment. Structural and exterior improvements have not been included.,,"1,800 SF"
05_Modernization,Level 3 - heavy modernization - gym,SF,400.4,0.35,Full demolition and reconstruction of existing space. Reconstructed in same layout. Assumes re-use of main HVAC units and ductwork. Structural and exterior improvements have not been included.,,"7,700 SF"
05_Modernization,Level 3 - heavy modernization - gym locker rooms,SF,1125.982,0.35,Full demolition and reconstruction including new plumbing layout and slab on grade removal and replacement. Assumes re-use of main HVAC units; ductwork to be reconfigured. Structural and exterior improvements have not been included.,,"1,500 SF"
05_Modernization,Level 3 - heavy modernization - kitchen - ES,SF,883.74,0.35,"Full demolition and reconstruction including new plumbing layout, slab on grade removal and replacement, and new kitchen equipment. Assumes replacement of make-up air unit and kitchen exhaust hood; re-use of all other major mechanical equipment. Structural and exterior improvements have not been included.",,"2,800 SF Kitchen and 65,000 ES"
05_Modernization,Level 3 - heavy modernization - kitchen - MS,SF,934.68375,0.35,"Full demolition and reconstruction including new plumbing layout, slab on grade removal and replacement, and new kitchen equipment. Assumes replacement of make-up air unit and kitchen exhaust hood; re-use of all other major mechanical equipment. Structural and exterior improvements have not been included.",,"3,000 SF Kitchen and 150,000 MS"
05_Modernization,Level 3 - heavy modernization - kitchen - HS,SF,942.7275,0.35,"Full demolition and reconstruction including new plumbing layout, slab on grade removal and replacement, and new kitchen equipment. Assumes replacement of make-up air unit and kitchen exhaust hood; re-use of all other major mechanical equipment. Structural and exterior improvements have not been included.",,"3,500 SF Kitchen, 250,000 SF HS"
05_Modernization,Level 3 - heavy modernization - library / media center,SF,429,0.35,"Full demolition and reconstruction of existing space. Assumes re-use of all major mechanical equipment. Excludes new furniture, structural improvements, and exterior improvements.",,"2,500 SF"
05_Modernization,Level 3 - heavy modernization - main entry / vestibule,SF,1072.5,0.35,"Full demolition and reconstruction including new storefront, entrance doors, flooring, finishes, lighting, and security features. Assumes re-use of all major mechanical equipment. Excludes new furniture, structural improvements, and exterior improvements.",,950 SF
05_Modernization,Level 3 - heavy modernization - multipurpose room,SF,,0.35,Heavy modernization of the multipurpose room. Unit cost to be provided.,,
05_Modernization,Level 3 - heavy modernization - science labs (MS & HS),SF,614.185,0.35,"Full demolition and reconstruction to convert existing space into a science lab. Includes new plumbing, student station gas connections for burners, sinks, eyewash stations, fume hoods, floor drains, durable finishes, new fixtures, flooring, and lighting. Assumes re-use of all major mechanical equipment. Excludes lab equipment, new furniture, and exterior improvements.",,"5,000 SF"
05_Modernization,Level 3 - heavy modernization - specialty CTE lab - without equipment (HS),SF,525.525,0.35,"Full demolition and reconstruction to convert existing spaces into specialty CTE labs. Assumes re-use of all major mechanical equipment. Excludes new furniture, exterior improvements, and specialty program equipment.",,"25,000 SF"
05_Modernization,Level 3 - heavy modernization - specialty CTE labs - low equipment intensity (HS),SF,539.825,0.35,"Full demolition and reconstruction to convert existing spaces into specialty CTE labs. Assumes re-use of all major mechanical equipment. Excludes new furniture and exterior improvements. Includes $250k allowance for programs requiring specialty equipment with lower capital cost (e.g., cosmetology, EMT, engineering/design).",,"25,000 SF"
05_Modernization,Level 3 - heavy modernization - specialty CTE labs - high equipment intensity (HS),SF,582.725,0.35,"Full demolition and reconstruction to convert existing spaces into specialty CTE labs. Assumes re-use of all major mechanical equipment. Excludes new furniture and exterior improvements. Includes $1M allowance for programs requiring specialty equipment with high capital cost (e.g., automotive, aviation, culinary).",,"25,000 SF"
