State School ID,Full Address
CO-1420-0030,"6450 W 95th Pl, Westminster, CO 80030"
CO-1420-1451,"3605 S Teller St, Lakewood, CO 80235"
CO-1420-0491,"3940 S Teller St, Lakewood, CO 80235"
CO-1420-0108,"1255 S Wadsworth Blvd, Lakewood, CO 80232"
CO-1420-0148,"5900 Oak St, Arvada, CO 80004"
CO-1420-0370,"7951 W 65th Ave, Arvada, CO 80004"
CO-1420-0109,"5751 Balsam St, Arvada, CO 80002"
CO-1420-0378,"11595 Allendale Dr, Arvada, CO 80004"
CO-1420-0664,"9800 W Dartmouth Pl, Lakewood, CO 80227"
CO-1420-0660,"9601 W Dartmouth Pl, Lakewood, CO 80227"
CO-1420-0694,"1001 Ulysses St, Golden, CO 80401"
CO-1420-0724,"885 S Garrison St, Lakewood, CO 80226"
CO-1420-0779,"1422 Sugarbush Dr, Evergreen, CO 80439"
CO-1420-0776,"1928 Hiwan Dr, Evergreen, CO 80439"
CO-1420-0951,"5987 W Dorado Dr, Littleton, CO 80123"
CO-1420-0952,"2 Woodruff Dr, Littleton, CO 80127"
CO-1420-0950,"1 White Oak Dr, Littleton, CO 80127"
CO-1420-0965,"5220 W Ohio Ave, Lakewood, CO 80226"
CO-1420-1244,"6500 Oak St, Arvada, CO 80004"
CO-1420-1318,"2050 S Kipling St, Lakewood, CO 80227"
CO-1420-1522,"7227 S Simms St, Littleton, CO 80127"
CO-1420-7701,"8420 Sangre de Cristo Rd, Littleton, CO 80127"
CO-1420-1790,"6317 S Estes St, Littleton, CO 80123"
CO-1420-1864,"6201 S Pierce St, Littleton, CO 80123"
CO-1420-1861,"6005 W Canyon Ave, Littleton, CO 80128"
CO-1420-1880,"4441 Salvia St, Golden, CO 80403"
CO-1420-1869,"10399 W 44th Ave, Wheat Ridge, CO 80033"
CO-1420-1886,"10441 Highway 73, Conifer, CO 80433"
CO-1420-4798,"1200 Johnson Rd, Golden, CO 80465"
CO-1420-1876,"7922 S Carr St, Littleton, CO 80123"
CO-1420-1976,"50 S Kipling St, Lakewood, CO 80226"
CO-1420-2093,"13399 W Coal Mine Ave, Littleton, CO 80127"
CO-1420-8090,"580 S Harlan St, Lakewood, CO 80226"
CO-1420-2130,"9201 W Columbine Dr, Littleton, CO 80123"
CO-1420-9432,"401 Independence St, Lakewood, CO 80226"
CO-1420-2120,"10359 W Nassau Ave, Denver, CO 80235"
CO-1420-2194,"1725 S Wright St, Lakewood, CO 80228"
CO-1420-2189,"9050 Field St, Westminster, CO 80020"
CO-1420-2288,"12550 W 52nd Ave, Arvada, CO 80002"
CO-1420-2300,"1855 S Wright St, Lakewood, CO 80228"
CO-1420-2322,"7304 W Roxbury Pl, Littleton, CO 80128"
CO-1420-2496,"5570 W 24th Ave, Edgewater, CO 80214"
CO-1420-2550,"1385 Independence St, Lakewood, CO 80215"
CO-1420-2616,"13304 US Hwy 285, Pine, CO 80470"
CO-1420-8248,"1275 S Teller St, Lakewood, CO 80232"
CO-1420-2836,"29300 Buffalo Park Rd, Evergreen, CO 80439"
CO-1420-2832,"2059 Hiwan Dr, Evergreen, CO 80439"
CO-1420-2820,"3900 Kipling St, Wheat Ridge, CO 80033"
CO-1420-2799,"11500 W 84th Ave, Arvada, CO 80002"
CO-1420-2866,"15975 W 50th Ave, Golden, CO 80401"
CO-1420-2963,"8449 S Garrison St, Littleton, CO 80128"
CO-1420-2946,"6250 Independence St, Arvada, CO 80004"
CO-1420-5892,"200 Kipling St, Lakewood, CO 80226"
CO-1420-3025,"13165 W Ohio Ave, Lakewood, CO 80228"
CO-1420-3088,"5300 Saulsbury Ct, Arvada, CO 80002"
CO-1420-3201,"15920 W 10th Ave, Golden, CO 80401"
CO-1420-3216,"6420 Urban St, Arvada, CO 80004"
CO-1420-3450,"11025 W Glennon Dr, Lakewood, CO 80226"
CO-1420-3502,"701 24th St, Golden, CO 80401"
CO-1420-3536,"5354 S Field St, Littleton, CO 80123"
CO-1420-3691,"5300 W Center Ave, Lakewood, CO 80226"
CO-1420-3622,"8701 W Woodard Dr, Lakewood, CO 80227"
CO-1420-3624,"12250 W Kentucky Dr, Lakewood, CO 80228"
CO-1420-3628,"13175 W Green Mountain Dr, Lakewood, CO 80228"
CO-1420-3726,"7300 W 76th Ave, Arvada, CO 80003"
CO-1420-4190,"12900 W Utah Ave, Lakewood, CO 80228"
CO-1420-4307,"1505 S Pierson St, Lakewood, CO 80232"
CO-1420-9980,N/A
CO-1420-4127,N/A
CO-1420-0499,", Lakewood, CO 80226"
CO-1420-4408,"1505 S Pierson St, Lakewood, CO 80232"
CO-1420-4404,"11251 Reed Way, Broomfield, CO 80020"
CO-1420-1730,"11719 Ranch Elsie Rd, Golden, CO 80403"
CO-1420-4402,"9955 Yarrow St, Broomfield, CO 80021"
CO-1420-4410,"11251 Reed Way, Broomfield, CO 80020"
CO-1420-6539,"7665 W 10th Ave, Lakewood, CO 80215"
CO-1420-4422,"2305 Pierce St, Edgewater, CO 80214"
CO-1420-4548,"6509 W Ken Caryl Ave, Littleton, CO 80128"
CO-1420-4549,"13658 W Marlowe Ave, Morrison, CO 80465"
CO-1420-4550,"1350 S Hoyt St, Lakewood, CO 80232"
CO-1420-4802,"12225 W 38th Ave, Wheat Ridge, CO 80033"
CO-1420-4830,"205 Flora Way, Golden, CO 80401"
CO-1420-4942,"9700 W 8th Ave, Lakewood, CO 80215"
CO-1420-5004,"1401 S Kendall St, Lakewood, CO 80232"
CO-1420-5024,"5611 Zephyr St, Arvada, CO 80002"
CO-1420-5036,"6155 W Leawood Dr, Littleton, CO 80123"
CO-1420-5145,"7180 Oak St, Arvada, CO 80004"
CO-1420-5222,"8448 Otis Dr, Arvada, CO 80003"
CO-1420-5623,"13301 W 2nd Pl, Lakewood, CO 80228"
CO-1420-5350,"9650 W 97th Ave, Westminster, CO 80021"
CO-1420-5354,"6705 W 22nd Ave, Edgewater, CO 80214"
CO-1420-5454,"9651 Pierce St, Westminster, CO 80021"
CO-1420-5472,"13200 W 32nd Ave, Golden, CO 80401"
CO-1420-5524,"3085 Alkire St, Golden, CO 80401"
CO-1420-5580,"26663 N Turkey Creek Rd, Evergreen, CO 80439"
CO-1420-0033,"13600 W 2nd Pl, Lakewood, CO 80228"
CO-1420-5758,"13405 W 83rd Pl, Arvada, CO 80005"
CO-1420-5944,"201 Rubey Dr, Golden, CO 80403"
CO-1420-5972,"6000 W 9th Ave, Lakewood, CO 80214"
CO-1420-5994,"9904 W Capri Ave, Littleton, CO 80123"
CO-1420-6090,"8455 W 88th Ave, Arvada, CO 80005"
CO-1420-6133,"8006 S Iris Way, Littleton, CO 80128"
CO-1420-6135,"12776 W Cross Ave, Littleton, CO 80127"
CO-1420-6139,"4725 Miller St, Wheat Ridge, CO 80033"
CO-1420-6237,"5806 W Alameda Ave, Lakewood, CO 80226"
CO-1420-9154,"10500 W 25th Ave, Lakewood, CO 80215"
CO-1420-6285,"10801 W 44th Ave, Wheat Ridge, CO 80033"
CO-1420-6286,"6750 S Kendall Blvd, Littleton, CO 80128"
CO-1420-6330,"7285 Pierce St, Arvada, CO 80003"
CO-1420-6470,"7300 Quail St, Arvada, CO 80005"
CO-1420-6804,"4460 Parmalee Gulch Rd, Indian Hills, CO 80454"
CO-1420-6806,"5800 W 84th Ave, Arvada, CO 80003"
CO-1420-6808,"1263 S Dudley St, Lakewood, CO 80232"
CO-1420-6848,"4617 Independence St, Wheat Ridge, CO 80033"
CO-1420-6828,"6495 Carr St, Arvada, CO 80004"
CO-1420-6844,"4997 S Miller Way, Littleton, CO 80127"
CO-1420-7114,"8101 W Pomona Dr, Arvada, CO 80005"
CO-1420-7128,"12109 W Coal Mine Ave, Littleton, CO 80127"
CO-1420-7190,"3400 Pierson St, Wheat Ridge, CO 80033"
CO-1420-7238,"25856 Columbine Glen Ave, Golden, CO 80401"
CO-1420-7239,"13355 W 80th Ave, Arvada, CO 80005"
CO-1420-7282,"17199 Highway 74, Morrison, CO 80465"
CO-1420-7462,"2959 Royale Elk Way, Evergreen, CO 80439"
CO-1420-5415,"10300 W Nassau St, Denver, CO 80235"
CO-1420-7483,"2200 S Coors St, Lakewood, CO 80228"
CO-1420-7468,"80 S Teller St, Lakewood, CO 80226"
CO-1420-7529,"5851 W 115th Ave, Westminster, CO 80020"
CO-1420-7708,"6875 W 64th Ave, Arvada, CO 80003"
CO-1420-7753,"7575 W 96th Ave, Westminster, CO 80021"
CO-1420-7780,"7961 S Sangre de Cristo Rd, Littleton, CO 80127"
CO-1420-7833,"420 Crawford St, Golden, CO 80401"
CO-1420-4478,"10951 Harlan St, Westminster, CO 80020"
CO-1420-7870,"7771 Oak St, Arvada, CO 80005"
CO-1420-7962,"8605 W 23rd Ave, Lakewood, CO 80215"
CO-1420-8036,"4001 Reed St, Wheat Ridge, CO 80033"
CO-1420-8102,"8425 W 1st Ave, Lakewood, CO 80226"
CO-1420-8209,"9300 W 104th Ave, Westminster, CO 80021"
CO-1420-8223,"7101 W 38th Ave, Wheat Ridge, CO 80033"
CO-1420-8276,"2300 Urban St, Lakewood, CO 80215"
CO-1420-8280,"7203 S Everett St, Littleton, CO 80128"
CO-1420-8300,"6600 Yank Way, Arvada, CO 80004"
CO-1420-8381,"11809 W Coal Mine Ave, Littleton, CO 80127"
CO-1420-8432,"6055 W 68th Ave, Arvada, CO 80003"
CO-1420-8834,"7750 Harlan St, Arvada, CO 80003"
CO-1420-8856,"19486 W 94th Ave, Arvada, CO 80007"
CO-1420-8793,"6980 Pierce St, Arvada, CO 80003"
CO-1420-9008,"11050 W Meadows Dr, Littleton, CO 80127"
CO-1420-9052,"7535 Alkire St, Arvada, CO 80005"
CO-1420-9058,"5875 Routt Ct, Arvada, CO 80004"
CO-1420-9232,"7840 Carr Dr, Arvada, CO 80005"
CO-1420-9234,"13300 W 2nd Pl, Lakewood, CO 80228"
CO-1420-9245,"11325 Allendale Dr, Arvada, CO 80004"
CO-1420-1001,"13299 W Coal Mine Ave, Littleton, CO 80127"
CO-1420-9299,"10200 W 100th Ave, Westminster, CO 80021"
CO-1420-9328,"8725 W 81st Pl, Arvada, CO 80005"
CO-1420-9342,"13000 W 10th Ave, Golden, CO 80401"
CO-1420-9424,"26501 Barkley Rd, Conifer, CO 80433"
CO-1420-9428,"9449 Barnes Ave, Conifer, CO 80433"
CO-1420-9429,"16650 W 72nd Ave, Arvada, CO 80007"
CO-1420-9412,"8550 W Vassar Dr, Lakewood, CO 80227"
CO-1420-9490,"10785 W Alamo Pl, Littleton, CO 80127"
CO-1420-9510,"9505 W 32nd Ave, Wheat Ridge, CO 80033"
CO-1420-9638,"7975 W 41st Ave, Wheat Ridge, CO 80033"
CO-1420-9648,"5124 S Hatch Dr, Evergreen, CO 80439"
CO-1420-9678,"10255 W 104th Dr, Westminster, CO 80021"
CO-1420-9427,"8300 W 94th Ave, Westminster, CO 80021"
CO-1420-9805,"7862 W Mansfield Pkwy, Lakewood, CO 80235"
CO-1420-9998,
CO-1420-9999,
