CDE School Code,State School ID,Site EUI (kBtu/ft²),Facilities condition survey score,Average Work Order $/SF
30,CO-1420-0030,53.3,3.5,0.75751922
108,CO-1420-0108,39.8,4.5,0.76214296
370,CO-1420-0370,49.4,4,0.844034848
378,CO-1420-0378,47.5,4,1.796448564
664,CO-1420-0664,48.6,4.333333333,0.751443829
660,CO-1420-0660,43,2,0.65022502
694,CO-1420-0694,43.6,2.5,0.678201328
724,CO-1420-0724,56.9,3.5,0.651841313
779,CO-1420-0779,66,4,0.86514652
951,CO-1420-0951,54.1,2,1.144822359
952,CO-1420-0952,47.6,5,1.043733775
950,CO-1420-0950,44.7,3,0.644995275
965,CO-1420-0965,28.1,4,1.177283347
1244,CO-1420-1244,62.2,3,0.74005128
1318,CO-1420-1318,47.5,3,0.530974181
1522,CO-1420-1522,39.2,4,0.89251555
1864,CO-1420-1864,45.3,4,1.43872395
1861,CO-1420-1861,43.4,4,1.557138339
1886,CO-1420-1886,65.9,4,0.846964247
4798,CO-1420-4798,44.7,4,1.244629512
1876,CO-1420-1876,44.4,3.5,1.198007692
1976,CO-1420-1976,38.4,4,0.805198712
2093,CO-1420-2093,40.4,3.5,0.960443811
8090,CO-1420-8090,45.3,2.666666667,3.832685936
2130,CO-1420-2130,39.7,4,0.64145232
9432,CO-1420-9432,66.7,2,1.077093275
2120,CO-1420-2120,43.8,4,1.113930468
2194,CO-1420-2194,62.3,4.333333333,0.932606522
2288,CO-1420-2288,42,3,1.058838552
2300,CO-1420-2300,41,3.333333333,0.732851265
2322,CO-1420-2322,56.2,5,1.491221876
2496,CO-1420-2496,63.1,2.666666667,0.648581652
2550,CO-1420-2550,57.3,5,0.676705467
2616,CO-1420-2616,77.1,3.75,1.27955716
2836,CO-1420-2836,61.1,2.5,0.695020155
2832,CO-1420-2832,40.9,4,0.844129481
2820,CO-1420-2820,42,3.5,0.80398701
2866,CO-1420-2866,57.2,3.5,0.948538206
2963,CO-1420-2963,53,3,0.573159609
5892,CO-1420-5892,#N/A,#N/A,#N/A
3025,CO-1420-3025,50.9,2,2.140454784
3088,CO-1420-3088,50,4,2.833910818
3201,CO-1420-3201,55.3,#N/A,#N/A
3216,CO-1420-3216,61.9,#N/A,0.891610627
3502,CO-1420-3502,51.5,3,1.075542137
3536,CO-1420-3536,47,3.333333333,4.315120877
3622,CO-1420-3622,49.9,4.5,0.797874594
3628,CO-1420-3628,43.2,1.5,0.915489853
3726,CO-1420-3726,62.8,4.5,1.526018907
4190,CO-1420-4190,42.9,3.5,2.117857969
6539,CO-1420-6539,50.4,#N/A,1.79016818
4422,CO-1420-4422,50.8,3,1.490565067
4548,CO-1420-4548,48.4,3.5,0.613229394
4549,CO-1420-4549,42,3.666666667,2.19710203
4550,CO-1420-4550,39.8,5,0.528237596
4830,CO-1420-4830,41,3,1.359397437
4942,CO-1420-4942,58.7,3.333333333,0.786324078
5004,CO-1420-5004,53.7,3,1.208502548
5024,CO-1420-5024,46.4,#N/A,1.892858143
5036,CO-1420-5036,46,3.5,3.194772647
5222,CO-1420-5222,60.2,2,1.10812414
5623,CO-1420-5623,#N/A,4,4.193398942
5350,CO-1420-5350,47.3,4,0.881996879
5354,CO-1420-5354,50.2,4,0.698995002
5454,CO-1420-5454,38.7,3.5,0.694097688
5472,CO-1420-5472,43.8,4,#N/A
5524,CO-1420-5524,55.9,#N/A,1.128584937
5580,CO-1420-5580,63.4,4,0.804507706
33,CO-1420-0033,42.7,5,1.020466105
5758,CO-1420-5758,45.3,3.5,0.540556415
5944,CO-1420-5944,50.5,4,1.811626975
6133,CO-1420-6133,47.3,4,1.536080084
6135,CO-1420-6135,55.4,4,0.963351853
6285,CO-1420-6285,40.2,4,0.837815092
6286,CO-1420-6286,77.4,4,0.519373362
6330,CO-1420-6330,40.7,4,0.442386486
6470,CO-1420-6470,47,4,1.376269113
6804,CO-1420-6804,62.8,3,1.147625608
6808,CO-1420-6808,56.2,2.5,1.960002556
6848,CO-1420-6848,49.2,3,1.625274561
7114,CO-1420-7114,51.4,4,0.955584226
7128,CO-1420-7128,46.9,4,0.735518366
7190,CO-1420-7190,49.2,5,0.950838759
7238,CO-1420-7238,81.1,3.5,1.679070053
7239,CO-1420-7239,54.1,4,0.678483564
7282,CO-1420-7282,69.2,4,3.425135385
7483,CO-1420-7483,39.8,2.5,0.509357043
7468,CO-1420-7468,35,5,0.967415488
7529,CO-1420-7529,58.1,4,0.780088634
7708,CO-1420-7708,56.5,3,1.489371509
7753,CO-1420-7753,45.8,#N/A,0.557838846
7780,CO-1420-7780,68.8,4,1.81390262
7833,CO-1420-7833,47.2,4,0.611683262
7870,CO-1420-7870,38.6,5,0.814188775
7962,CO-1420-7962,65.7,4.5,0.972223717
8036,CO-1420-8036,44.5,3,0.005560178
8102,CO-1420-8102,54.4,3.666666667,0.942976986
8209,CO-1420-8209,40.3,3,0.837855074
8223,CO-1420-8223,44.3,4,0.402313725
8276,CO-1420-8276,61.2,4,1.57461971
8280,CO-1420-8280,43,3,0.821533053
8300,CO-1420-8300,40.3,4,1.925125975
8381,CO-1420-8381,34.2,4.666666667,0.827199391
8432,CO-1420-8432,54.1,4,0.730133947
8856,CO-1420-8856,44.9,2.333333333,1.535034554
9008,CO-1420-9008,50.5,1,2.601031967
9052,CO-1420-9052,56.2,4.5,1.046891667
9058,CO-1420-9058,68.8,4.5,3.420487047
9232,CO-1420-9232,60.4,4,1.718063385
9234,CO-1420-9234,67,3.5,1.207102877
9245,CO-1420-9245,48,3,3.142646056
1001,CO-1420-1001,45.1,4,#N/A
9299,CO-1420-9299,37.8,4,0.443982537
9328,CO-1420-9328,72.6,4.5,1.344879241
9342,CO-1420-9342,48.8,2.5,1.830641912
9424,CO-1420-9424,67.7,4,1.256070062
9428,CO-1420-9428,52.1,3.5,0.462056449
9429,CO-1420-9429,62,3,1.294734821
9412,CO-1420-9412,55.2,3,0.630904076
9490,CO-1420-9490,44.9,4,0.607162509
9510,CO-1420-9510,55,4,0.878655418
9648,CO-1420-9648,51.7,4,0.809740071
