School,CDE Code,Year,School Year,Enrollment,Grade
Deane Elementary,CO-1420-8090,2026-27,2026-2027,15,PK
Deane Elementary,CO-1420-8090,2027-28,2027-2028,14,PK
Deane Elementary,CO-1420-8090,2028-29,2028-2029,14,PK
Deane Elementary,CO-1420-8090,2029-30,2029-2030,17,PK
Deane Elementary,CO-1420-8090,2030-31,2030-2031,17,PK
Patterson Elementary,CO-1420-6808,2026-27,2026-2027,74,PK
Patterson Elementary,CO-1420-6808,2027-28,2027-2028,71,PK
Patterson Elementary,CO-1420-6808,2028-29,2028-2029,69,PK
Patterson Elementary,CO-1420-6808,2029-30,2029-2030,67,PK
Patterson Elementary,CO-1420-6808,2030-31,2030-2031,65,PK
Rose Stein Elementary,CO-1420-7468,2026-27,2026-2027,49,PK
Rose Stein Elementary,CO-1420-7468,2027-28,2027-2028,61,PK
Rose Stein Elementary,CO-1420-7468,2028-29,2028-2029,48,PK
Rose Stein Elementary,CO-1420-7468,2029-30,2029-2030,55,PK
Rose Stein Elementary,CO-1420-7468,2030-31,2030-2031,55,PK
Secrest Elementary,CO-1420-7708,2026-27,2026-2027,53,PK
Secrest Elementary,CO-1420-7708,2027-28,2027-2028,46,PK
Secrest Elementary,CO-1420-7708,2028-29,2028-2029,54,PK
Secrest Elementary,CO-1420-7708,2029-30,2029-2030,53,PK
Secrest Elementary,CO-1420-7708,2030-31,2030-2031,53,PK
Campbell Early Learning Center,CO-1420-1244,2026-27,2026-2027,215,PK
Campbell Early Learning Center,CO-1420-1244,2027-28,2027-2028,215,PK
Campbell Early Learning Center,CO-1420-1244,2028-29,2028-2029,215,PK
Campbell Early Learning Center,CO-1420-1244,2029-30,2029-2030,215,PK
Campbell Early Learning Center,CO-1420-1244,2030-31,2030-2031,215,PK
Stott Elementary,CO-1420-8300,2026-27,2026-2027,30,PK
Stott Elementary,CO-1420-8300,2027-28,2027-2028,27,PK
Stott Elementary,CO-1420-8300,2028-29,2028-2029,25,PK
Stott Elementary,CO-1420-8300,2029-30,2029-2030,23,PK
Stott Elementary,CO-1420-8300,2030-31,2030-2031,21,PK
Green Gables Elementary,CO-1420-3622,2026-27,2026-2027,24,PK
Green Gables Elementary,CO-1420-3622,2027-28,2027-2028,22,PK
Green Gables Elementary,CO-1420-3622,2028-29,2028-2029,23,PK
Green Gables Elementary,CO-1420-3622,2029-30,2029-2030,21,PK
Green Gables Elementary,CO-1420-3622,2030-31,2030-2031,21,PK
Kendallvue Elementary,CO-1420-4549,2026-27,2026-2027,46,PK
Kendallvue Elementary,CO-1420-4549,2027-28,2027-2028,46,PK
Kendallvue Elementary,CO-1420-4549,2028-29,2028-2029,46,PK
Kendallvue Elementary,CO-1420-4549,2029-30,2029-2030,47,PK
Kendallvue Elementary,CO-1420-4549,2030-31,2030-2031,47,PK
Kendrick Lakes Elementary,CO-1420-4550,2026-27,2026-2027,46,PK
Kendrick Lakes Elementary,CO-1420-4550,2027-28,2027-2028,35,PK
Kendrick Lakes Elementary,CO-1420-4550,2028-29,2028-2029,40,PK
Kendrick Lakes Elementary,CO-1420-4550,2029-30,2029-2030,43,PK
Kendrick Lakes Elementary,CO-1420-4550,2030-31,2030-2031,43,PK
Westgate Elementary,CO-1420-9412,2026-27,2026-2027,27,PK
Westgate Elementary,CO-1420-9412,2027-28,2027-2028,33,PK
Westgate Elementary,CO-1420-9412,2028-29,2028-2029,26,PK
Westgate Elementary,CO-1420-9412,2029-30,2029-2030,28,PK
Westgate Elementary,CO-1420-9412,2030-31,2030-2031,28,PK
Coronado Elementary,CO-1420-1876,2026-27,2026-2027,35,PK
Coronado Elementary,CO-1420-1876,2027-28,2027-2028,27,PK
Coronado Elementary,CO-1420-1876,2028-29,2028-2029,31,PK
Coronado Elementary,CO-1420-1876,2029-30,2029-2030,36,PK
Coronado Elementary,CO-1420-1876,2030-31,2030-2031,36,PK
Mortensen Elementary,CO-1420-6133,2026-27,2026-2027,24,PK
Mortensen Elementary,CO-1420-6133,2027-28,2027-2028,18,PK
Mortensen Elementary,CO-1420-6133,2028-29,2028-2029,23,PK
Mortensen Elementary,CO-1420-6133,2029-30,2029-2030,25,PK
Mortensen Elementary,CO-1420-6133,2030-31,2030-2031,25,PK
Shaffer Elementary,CO-1420-7780,2026-27,2026-2027,19,PK
Shaffer Elementary,CO-1420-7780,2027-28,2027-2028,21,PK
Shaffer Elementary,CO-1420-7780,2028-29,2028-2029,18,PK
Shaffer Elementary,CO-1420-7780,2029-30,2029-2030,20,PK
Shaffer Elementary,CO-1420-7780,2030-31,2030-2031,20,PK
Stony Creek Elementary,CO-1420-8280,2026-27,2026-2027,61,PK
Stony Creek Elementary,CO-1420-8280,2027-28,2027-2028,61,PK
Stony Creek Elementary,CO-1420-8280,2028-29,2028-2029,62,PK
Stony Creek Elementary,CO-1420-8280,2029-30,2029-2030,62,PK
Stony Creek Elementary,CO-1420-8280,2030-31,2030-2031,62,PK
Ute Meadows Elementary,CO-1420-9008,2026-27,2026-2027,20,PK
Ute Meadows Elementary,CO-1420-9008,2027-28,2027-2028,21,PK
Ute Meadows Elementary,CO-1420-9008,2028-29,2028-2029,22,PK
Ute Meadows Elementary,CO-1420-9008,2029-30,2029-2030,24,PK
Ute Meadows Elementary,CO-1420-9008,2030-31,2030-2031,25,PK
Columbine Hills Elementary,CO-1420-1861,2026-27,2026-2027,39,PK
Columbine Hills Elementary,CO-1420-1861,2027-28,2027-2028,38,PK
Columbine Hills Elementary,CO-1420-1861,2028-29,2028-2029,47,PK
Columbine Hills Elementary,CO-1420-1861,2029-30,2029-2030,47,PK
Columbine Hills Elementary,CO-1420-1861,2030-31,2030-2031,47,PK
Dutch Creek Elementary,CO-1420-2322,2026-27,2026-2027,34,PK
Dutch Creek Elementary,CO-1420-2322,2027-28,2027-2028,25,PK
Dutch Creek Elementary,CO-1420-2322,2028-29,2028-2029,29,PK
Dutch Creek Elementary,CO-1420-2322,2029-30,2029-2030,30,PK
Dutch Creek Elementary,CO-1420-2322,2030-31,2030-2031,30,PK
Governors Ranch Elementary,CO-1420-3536,2026-27,2026-2027,41,PK
Governors Ranch Elementary,CO-1420-3536,2027-28,2027-2028,49,PK
Governors Ranch Elementary,CO-1420-3536,2028-29,2028-2029,53,PK
Governors Ranch Elementary,CO-1420-3536,2029-30,2029-2030,53,PK
Governors Ranch Elementary,CO-1420-3536,2030-31,2030-2031,53,PK
Leawood Elementary,CO-1420-5036,2026-27,2026-2027,51,PK
Leawood Elementary,CO-1420-5036,2027-28,2027-2028,49,PK
Leawood Elementary,CO-1420-5036,2028-29,2028-2029,58,PK
Leawood Elementary,CO-1420-5036,2029-30,2029-2030,57,PK
Leawood Elementary,CO-1420-5036,2030-31,2030-2031,57,PK
Normandy Elementary,CO-1420-6286,2026-27,2026-2027,25,PK
Normandy Elementary,CO-1420-6286,2027-28,2027-2028,37,PK
Normandy Elementary,CO-1420-6286,2028-29,2028-2029,35,PK
Normandy Elementary,CO-1420-6286,2029-30,2029-2030,34,PK
Normandy Elementary,CO-1420-6286,2030-31,2030-2031,34,PK
Elk Creek Elementary,CO-1420-2616,2026-27,2026-2027,32,PK
Elk Creek Elementary,CO-1420-2616,2027-28,2027-2028,38,PK
Elk Creek Elementary,CO-1420-2616,2028-29,2028-2029,40,PK
Elk Creek Elementary,CO-1420-2616,2029-30,2029-2030,35,PK
Elk Creek Elementary,CO-1420-2616,2030-31,2030-2031,35,PK
Marshdale Elementary,CO-1420-5580,2026-27,2026-2027,20,PK
Marshdale Elementary,CO-1420-5580,2027-28,2027-2028,17,PK
Marshdale Elementary,CO-1420-5580,2028-29,2028-2029,17,PK
Marshdale Elementary,CO-1420-5580,2029-30,2029-2030,17,PK
Marshdale Elementary,CO-1420-5580,2030-31,2030-2031,17,PK
West Jefferson Elementary,CO-1420-9424,2026-27,2026-2027,44,PK
West Jefferson Elementary,CO-1420-9424,2027-28,2027-2028,56,PK
West Jefferson Elementary,CO-1420-9424,2028-29,2028-2029,47,PK
West Jefferson Elementary,CO-1420-9424,2029-30,2029-2030,50,PK
West Jefferson Elementary,CO-1420-9424,2030-31,2030-2031,50,PK
Blue Heron Elementary,CO-1420-0951,2026-27,2026-2027,32,PK
Blue Heron Elementary,CO-1420-0951,2027-28,2027-2028,36,PK
Blue Heron Elementary,CO-1420-0951,2028-29,2028-2029,45,PK
Blue Heron Elementary,CO-1420-0951,2029-30,2029-2030,36,PK
Blue Heron Elementary,CO-1420-0951,2030-31,2030-2031,36,PK
Mount Carbon Elementary,CO-1420-6135,2026-27,2026-2027,67,PK
Mount Carbon Elementary,CO-1420-6135,2027-28,2027-2028,64,PK
Mount Carbon Elementary,CO-1420-6135,2028-29,2028-2029,68,PK
Mount Carbon Elementary,CO-1420-6135,2029-30,2029-2030,68,PK
Mount Carbon Elementary,CO-1420-6135,2030-31,2030-2031,68,PK
Powderhorn Elementary,CO-1420-7128,2026-27,2026-2027,17,PK
Powderhorn Elementary,CO-1420-7128,2027-28,2027-2028,16,PK
Powderhorn Elementary,CO-1420-7128,2028-29,2028-2029,15,PK
Powderhorn Elementary,CO-1420-7128,2029-30,2029-2030,19,PK
Powderhorn Elementary,CO-1420-7128,2030-31,2030-2031,19,PK
Bergen Elementary,CO-1420-0776,2015-16,2015-2016,83,PK
Bergen Elementary,CO-1420-0776,2016-17,2016-2017,83,PK
Bergen Elementary,CO-1420-0776,2017-18,2017-2018,87,PK
Bergen Elementary,CO-1420-0776,2018-19,2018-2019,88,PK
Bergen Elementary,CO-1420-0776,2019-20,2019-2020,81,PK
Wilmot Elementary,CO-1420-9648,2026-27,2026-2027,51,PK
Wilmot Elementary,CO-1420-9648,2027-28,2027-2028,53,PK
Wilmot Elementary,CO-1420-9648,2028-29,2028-2029,55,PK
Wilmot Elementary,CO-1420-9648,2029-30,2029-2030,57,PK
Wilmot Elementary,CO-1420-9648,2030-31,2030-2031,59,PK
Kyffin Elementary,CO-1420-4830,2026-27,2026-2027,39,PK
Kyffin Elementary,CO-1420-4830,2027-28,2027-2028,41,PK
Kyffin Elementary,CO-1420-4830,2028-29,2028-2029,42,PK
Kyffin Elementary,CO-1420-4830,2029-30,2029-2030,44,PK
Kyffin Elementary,CO-1420-4830,2030-31,2030-2031,46,PK
Shelton Elementary,CO-1420-7833,2026-27,2026-2027,27,PK
Shelton Elementary,CO-1420-7833,2027-28,2027-2028,28,PK
Shelton Elementary,CO-1420-7833,2028-29,2028-2029,29,PK
Shelton Elementary,CO-1420-7833,2029-30,2029-2030,29,PK
Shelton Elementary,CO-1420-7833,2030-31,2030-2031,30,PK
Welchester Elementary,CO-1420-9342,2026-27,2026-2027,24,PK
Welchester Elementary,CO-1420-9342,2027-28,2027-2028,29,PK
Welchester Elementary,CO-1420-9342,2028-29,2028-2029,29,PK
Welchester Elementary,CO-1420-9342,2029-30,2029-2030,29,PK
Welchester Elementary,CO-1420-9342,2030-31,2030-2031,29,PK
Foothills Elementary,CO-1420-3025,2026-27,2026-2027,57,PK
Foothills Elementary,CO-1420-3025,2027-28,2027-2028,67,PK
Foothills Elementary,CO-1420-3025,2028-29,2028-2029,59,PK
Foothills Elementary,CO-1420-3025,2029-30,2029-2030,61,PK
Foothills Elementary,CO-1420-3025,2030-31,2030-2031,61,PK
Hutchinson Elementary,CO-1420-4190,2026-27,2026-2027,35,PK
Hutchinson Elementary,CO-1420-4190,2027-28,2027-2028,60,PK
Hutchinson Elementary,CO-1420-4190,2028-29,2028-2029,55,PK
Hutchinson Elementary,CO-1420-4190,2029-30,2029-2030,42,PK
Hutchinson Elementary,CO-1420-4190,2030-31,2030-2031,42,PK
Edgewater Elementary,CO-1420-2496,2026-27,2026-2027,30,PK
Edgewater Elementary,CO-1420-2496,2027-28,2027-2028,31,PK
Edgewater Elementary,CO-1420-2496,2028-29,2028-2029,31,PK
Edgewater Elementary,CO-1420-2496,2029-30,2029-2030,35,PK
Edgewater Elementary,CO-1420-2496,2030-31,2030-2031,35,PK
Lumberg Elementary,CO-1420-5354,2026-27,2026-2027,33,PK
Lumberg Elementary,CO-1420-5354,2027-28,2027-2028,36,PK
Lumberg Elementary,CO-1420-5354,2028-29,2028-2029,39,PK
Lumberg Elementary,CO-1420-5354,2029-30,2029-2030,38,PK
Lumberg Elementary,CO-1420-5354,2030-31,2030-2031,38,PK
Eiber Elementary,CO-1420-2550,2026-27,2026-2027,33,PK
Eiber Elementary,CO-1420-2550,2027-28,2027-2028,40,PK
Eiber Elementary,CO-1420-2550,2028-29,2028-2029,38,PK
Eiber Elementary,CO-1420-2550,2029-30,2029-2030,37,PK
Eiber Elementary,CO-1420-2550,2030-31,2030-2031,37,PK
Slater Elementary,CO-1420-7962,2026-27,2026-2027,24,PK
Slater Elementary,CO-1420-7962,2027-28,2027-2028,29,PK
Slater Elementary,CO-1420-7962,2028-29,2028-2029,35,PK
Slater Elementary,CO-1420-7962,2029-30,2029-2030,31,PK
Slater Elementary,CO-1420-7962,2030-31,2030-2031,31,PK
Warder Elementary,CO-1420-9232,2026-27,2026-2027,47,PK
Warder Elementary,CO-1420-9232,2027-28,2027-2028,49,PK
Warder Elementary,CO-1420-9232,2028-29,2028-2029,41,PK
Warder Elementary,CO-1420-9232,2029-30,2029-2030,50,PK
Warder Elementary,CO-1420-9232,2030-31,2030-2031,50,PK
Weber Elementary,CO-1420-9328,2026-27,2026-2027,48,PK
Weber Elementary,CO-1420-9328,2027-28,2027-2028,54,PK
Weber Elementary,CO-1420-9328,2028-29,2028-2029,46,PK
Weber Elementary,CO-1420-9328,2029-30,2029-2030,56,PK
Weber Elementary,CO-1420-9328,2030-31,2030-2031,56,PK
Meiklejohn Elementary,CO-1420-5758,2026-27,2026-2027,29,PK
Meiklejohn Elementary,CO-1420-5758,2027-28,2027-2028,26,PK
Meiklejohn Elementary,CO-1420-5758,2028-29,2028-2029,24,PK
Meiklejohn Elementary,CO-1420-5758,2029-30,2029-2030,35,PK
Meiklejohn Elementary,CO-1420-5758,2030-31,2030-2031,35,PK
Sierra Elementary,CO-1420-7870,2026-27,2026-2027,55,PK
Sierra Elementary,CO-1420-7870,2027-28,2027-2028,53,PK
Sierra Elementary,CO-1420-7870,2028-29,2028-2029,56,PK
Sierra Elementary,CO-1420-7870,2029-30,2029-2030,53,PK
Sierra Elementary,CO-1420-7870,2030-31,2030-2031,53,PK
Van Arsdale Elementary,CO-1420-9052,2026-27,2026-2027,64,PK
Van Arsdale Elementary,CO-1420-9052,2027-28,2027-2028,62,PK
Van Arsdale Elementary,CO-1420-9052,2028-29,2028-2029,71,PK
Van Arsdale Elementary,CO-1420-9052,2029-30,2029-2030,59,PK
Van Arsdale Elementary,CO-1420-9052,2030-31,2030-2031,59,PK
Adams Elementary,CO-1420-0030,2026-27,2026-2027,63,PK
Adams Elementary,CO-1420-0030,2027-28,2027-2028,70,PK
Adams Elementary,CO-1420-0030,2028-29,2028-2029,64,PK
Adams Elementary,CO-1420-0030,2029-30,2029-2030,64,PK
Adams Elementary,CO-1420-0030,2030-31,2030-2031,64,PK
Ryan Elementary,CO-1420-7529,2026-27,2026-2027,21,PK
Ryan Elementary,CO-1420-7529,2027-28,2027-2028,22,PK
Ryan Elementary,CO-1420-7529,2028-29,2028-2029,23,PK
Ryan Elementary,CO-1420-7529,2029-30,2029-2030,24,PK
Ryan Elementary,CO-1420-7529,2030-31,2030-2031,25,PK
Semper Elementary,CO-1420-7753,2026-27,2026-2027,66,PK
Semper Elementary,CO-1420-7753,2027-28,2027-2028,63,PK
Semper Elementary,CO-1420-7753,2028-29,2028-2029,52,PK
Semper Elementary,CO-1420-7753,2029-30,2029-2030,56,PK
Semper Elementary,CO-1420-7753,2030-31,2030-2031,56,PK
Norma Anderson Early Learning Center,CO-1420-6285,2026-27,2026-2027,90,PK
Norma Anderson Early Learning Center,CO-1420-6285,2027-28,2027-2028,90,PK
Norma Anderson Early Learning Center,CO-1420-6285,2028-29,2028-2029,90,PK
Norma Anderson Early Learning Center,CO-1420-6285,2029-30,2029-2030,90,PK
Norma Anderson Early Learning Center,CO-1420-6285,2030-31,2030-2031,90,PK
Maple Grove Elementary,CO-1420-5524,2026-27,2026-2027,12,PK
Maple Grove Elementary,CO-1420-5524,2027-28,2027-2028,14,PK
Maple Grove Elementary,CO-1420-5524,2028-29,2028-2029,14,PK
Maple Grove Elementary,CO-1420-5524,2029-30,2029-2030,13,PK
Maple Grove Elementary,CO-1420-5524,2030-31,2030-2031,13,PK
Peak Expeditionary Pennington,CO-1420-6848,2026-27,2026-2027,19,PK
Peak Expeditionary Pennington,CO-1420-6848,2027-28,2027-2028,19,PK
Peak Expeditionary Pennington,CO-1420-6848,2028-29,2028-2029,19,PK
Peak Expeditionary Pennington,CO-1420-6848,2029-30,2029-2030,19,PK
Peak Expeditionary Pennington,CO-1420-6848,2030-31,2030-2031,19,PK
Stevens Elementary,CO-1420-8223,2026-27,2026-2027,46,PK
Stevens Elementary,CO-1420-8223,2027-28,2027-2028,44,PK
Stevens Elementary,CO-1420-8223,2028-29,2028-2029,45,PK
Stevens Elementary,CO-1420-8223,2029-30,2029-2030,46,PK
Stevens Elementary,CO-1420-8223,2030-31,2030-2031,46,PK
Fletcher Miller Special,CO-1420-5892,2026-27,2026-2027,34,PK
Fletcher Miller Special,CO-1420-5892,2027-28,2027-2028,35,PK
Fletcher Miller Special,CO-1420-5892,2028-29,2028-2029,36,PK
Fletcher Miller Special,CO-1420-5892,2029-30,2029-2030,37,PK
Fletcher Miller Special,CO-1420-5892,2030-31,2030-2031,38,PK
Foster Dual Language PK 8 School,CO-1420-3088,2026-27,2026-2027,35,PK
Foster Dual Language PK 8 School,CO-1420-3088,2027-28,2027-2028,32,PK
Foster Dual Language PK 8 School,CO-1420-3088,2028-29,2028-2029,36,PK
Foster Dual Language PK 8 School,CO-1420-3088,2029-30,2029-2030,34,PK
Foster Dual Language PK 8 School,CO-1420-3088,2030-31,2030-2031,33,PK
Free Horizon Montessori,CO-1420-3201,2026-27,2026-2027,75,PK
Free Horizon Montessori,CO-1420-3201,2027-28,2027-2028,75,PK
Free Horizon Montessori,CO-1420-3201,2028-29,2028-2029,74,PK
Free Horizon Montessori,CO-1420-3201,2029-30,2029-2030,73,PK
Free Horizon Montessori,CO-1420-3201,2030-31,2030-2031,73,PK
JeffCo Open Elementary,CO-1420-6539,2026-27,2026-2027,22,PK
JeffCo Open Elementary,CO-1420-6539,2027-28,2027-2028,23,PK
JeffCo Open Elementary,CO-1420-6539,2028-29,2028-2029,25,PK
JeffCo Open Elementary,CO-1420-6539,2029-30,2029-2030,26,PK
JeffCo Open Elementary,CO-1420-6539,2030-31,2030-2031,28,PK
Addenbrooke Grammar,CO-1420-0491,2026-27,2026-2027,54,PK
Addenbrooke Grammar,CO-1420-0491,2027-28,2027-2028,51,PK
Addenbrooke Grammar,CO-1420-0491,2028-29,2028-2029,52,PK
Addenbrooke Grammar,CO-1420-0491,2029-30,2029-2030,51,PK
Addenbrooke Grammar,CO-1420-0491,2030-31,2030-2031,53,PK
Collegiate Academy,CO-1420-7701,2026-27,2026-2027,12,PK
Collegiate Academy,CO-1420-7701,2027-28,2027-2028,12,PK
Collegiate Academy,CO-1420-7701,2028-29,2028-2029,11,PK
Collegiate Academy,CO-1420-7701,2029-30,2029-2030,9,PK
Collegiate Academy,CO-1420-7701,2030-31,2030-2031,13,PK
Compass Montessori Golden,CO-1420-1880,2026-27,2026-2027,40,PK
Compass Montessori Golden,CO-1420-1880,2027-28,2027-2028,41,PK
Compass Montessori Golden,CO-1420-1880,2028-29,2028-2029,38,PK
Compass Montessori Golden,CO-1420-1880,2029-30,2029-2030,41,PK
Compass Montessori Golden,CO-1420-1880,2030-31,2030-2031,40,PK
Compass Montessori Wheat Ridge,CO-1420-1869,2026-27,2026-2027,54,PK
Compass Montessori Wheat Ridge,CO-1420-1869,2027-28,2027-2028,58,PK
Compass Montessori Wheat Ridge,CO-1420-1869,2028-29,2028-2029,61,PK
Compass Montessori Wheat Ridge,CO-1420-1869,2029-30,2029-2030,57,PK
Compass Montessori Wheat Ridge,CO-1420-1869,2030-31,2030-2031,54,PK
Jefferson Academy Elementary,CO-1420-4402,2026-27,2026-2027,30,PK
Jefferson Academy Elementary,CO-1420-4402,2027-28,2027-2028,30,PK
Jefferson Academy Elementary,CO-1420-4402,2028-29,2028-2029,30,PK
Jefferson Academy Elementary,CO-1420-4402,2029-30,2029-2030,30,PK
Jefferson Academy Elementary,CO-1420-4402,2030-31,2030-2031,30,PK
Jefferson Academy at Coal Creek,CO-1420-1730,2026-27,2026-2026,12,PK
Jefferson Academy at Coal Creek,CO-1420-1730,2027-28,2027-2027,12,PK
Jefferson Academy at Coal Creek,CO-1420-1730,2028-29,2028-2028,12,PK
Jefferson Academy at Coal Creek,CO-1420-1730,2029-30,2029-2029,12,PK
Jefferson Academy at Coal Creek,CO-1420-1730,2030-31,2030-2030,12,PK
Lincoln Academy,CO-1420-5145,2026-27,2026-2027,58,PK
Lincoln Academy,CO-1420-5145,2027-28,2027-2028,56,PK
Lincoln Academy,CO-1420-5145,2028-29,2028-2029,53,PK
Lincoln Academy,CO-1420-5145,2029-30,2029-2030,64,PK
Lincoln Academy,CO-1420-5145,2030-31,2030-2031,58,PK
Montessori Peaks Academy,CO-1420-5994,2026-27,2026-2027,65,PK
Montessori Peaks Academy,CO-1420-5994,2027-28,2027-2028,61,PK
Montessori Peaks Academy,CO-1420-5994,2028-29,2028-2029,56,PK
Montessori Peaks Academy,CO-1420-5994,2029-30,2029-2030,51,PK
Montessori Peaks Academy,CO-1420-5994,2030-31,2030-2031,50,PK
Mountain Phoenix,CO-1420-6139,2026-27,2026-2027,64,PK
Mountain Phoenix,CO-1420-6139,2027-28,2027-2028,58,PK
Mountain Phoenix,CO-1420-6139,2028-29,2028-2029,56,PK
Mountain Phoenix,CO-1420-6139,2029-30,2029-2030,54,PK
Mountain Phoenix,CO-1420-6139,2030-31,2030-2031,55,PK
Rocky Mountain Deaf,CO-1420-5415,2026-27,2026-2027,10,PK
Rocky Mountain Deaf,CO-1420-5415,2027-28,2027-2028,12,PK
Rocky Mountain Deaf,CO-1420-5415,2028-29,2028-2029,11,PK
Rocky Mountain Deaf,CO-1420-5415,2029-30,2029-2030,9,PK
Rocky Mountain Deaf,CO-1420-5415,2030-31,2030-2031,11,PK
Two Roads,CO-1420-8793,2026-27,2026-2027,8,PK
Two Roads,CO-1420-8793,2027-28,2027-2028,14,PK
Two Roads,CO-1420-8793,2028-29,2028-2029,12,PK
Two Roads,CO-1420-8793,2029-30,2029-2030,9,PK
Two Roads,CO-1420-8793,2030-31,2030-2031,14,PK
Woodrow Wilson Academy,CO-1420-9427,2026-27,2026-2027,25,PK
Woodrow Wilson Academy,CO-1420-9427,2027-28,2027-2028,24,PK
Woodrow Wilson Academy,CO-1420-9427,2028-29,2028-2029,24,PK
Woodrow Wilson Academy,CO-1420-9427,2029-30,2029-2030,24,PK
Woodrow Wilson Academy,CO-1420-9427,2030-31,2030-2031,24,PK
Deane Elementary,CO-1420-8090,2025-26,2025-2026,15,PK
Patterson Elementary,CO-1420-6808,2025-26,2025-2026,93,PK
Rose Stein Elementary,CO-1420-7468,2025-26,2025-2026,52,PK
Secrest Elementary,CO-1420-7708,2025-26,2025-2026,47,PK
Campbell Early Learning Center,CO-1420-1244,2025-26,2025-2026,217,PK
Stott Elementary,CO-1420-8300,2025-26,2025-2026,29,PK
Green Gables Elementary,CO-1420-3622,2025-26,2025-2026,20,PK
Kendallvue Elementary,CO-1420-4549,2025-26,2025-2026,46,PK
Kendrick Lakes Elementary,CO-1420-4550,2025-26,2025-2026,37,PK
Westgate Elementary,CO-1420-9412,2025-26,2025-2026,27,PK
Coronado Elementary,CO-1420-1876,2025-26,2025-2026,34,PK
Mortensen Elementary,CO-1420-6133,2025-26,2025-2026,18,PK
Shaffer Elementary,CO-1420-7780,2025-26,2025-2026,19,PK
Stony Creek Elementary,CO-1420-8280,2025-26,2025-2026,73,PK
Ute Meadows Elementary,CO-1420-9008,2025-26,2025-2026,17,PK
Columbine Hills Elementary,CO-1420-1861,2025-26,2025-2026,40,PK
Dutch Creek Elementary,CO-1420-2322,2025-26,2025-2026,32,PK
Governors Ranch Elementary,CO-1420-3536,2025-26,2025-2026,54,PK
Leawood Elementary,CO-1420-5036,2025-26,2025-2026,51,PK
Normandy Elementary,CO-1420-6286,2025-26,2025-2026,28,PK
Elk Creek Elementary,CO-1420-2616,2025-26,2025-2026,37,PK
Marshdale Elementary,CO-1420-5580,2025-26,2025-2026,19,PK
West Jefferson Elementary,CO-1420-9424,2025-26,2025-2026,54,PK
Blue Heron Elementary,CO-1420-0951,2025-26,2025-2026,37,PK
Mount Carbon Elementary,CO-1420-6135,2025-26,2025-2026,67,PK
Powderhorn Elementary,CO-1420-7128,2025-26,2025-2026,16,PK
Bergen Elementary,CO-1420-0776,2020-21,2020-2021,43,PK
Wilmot Elementary,CO-1420-9648,2025-26,2025-2026,55,PK
Kyffin Elementary,CO-1420-4830,2025-26,2025-2026,38,PK
Shelton Elementary,CO-1420-7833,2025-26,2025-2026,33,PK
Welchester Elementary,CO-1420-9342,2025-26,2025-2026,28,PK
Foothills Elementary,CO-1420-3025,2025-26,2025-2026,68,PK
Hutchinson Elementary,CO-1420-4190,2025-26,2025-2026,38,PK
Edgewater Elementary,CO-1420-2496,2025-26,2025-2026,35,PK
Lumberg Elementary,CO-1420-5354,2025-26,2025-2026,37,PK
Eiber Elementary,CO-1420-2550,2025-26,2025-2026,36,PK
Slater Elementary,CO-1420-7962,2025-26,2025-2026,35,PK
Warder Elementary,CO-1420-9232,2025-26,2025-2026,52,PK
Weber Elementary,CO-1420-9328,2025-26,2025-2026,62,PK
Meiklejohn Elementary,CO-1420-5758,2025-26,2025-2026,33,PK
Sierra Elementary,CO-1420-7870,2025-26,2025-2026,56,PK
Van Arsdale Elementary,CO-1420-9052,2025-26,2025-2026,59,PK
Adams Elementary,CO-1420-0030,2025-26,2025-2026,64,PK
Ryan Elementary,CO-1420-7529,2025-26,2025-2026,20,PK
Semper Elementary,CO-1420-7753,2025-26,2025-2026,71,PK
Norma Anderson Early Learning Center,CO-1420-6285,2025-26,2025-2026,87,PK
Maple Grove Elementary,CO-1420-5524,2025-26,2025-2026,10,PK
Peak Expeditionary Pennington,CO-1420-6848,2025-26,2025-2026,20,PK
Stevens Elementary,CO-1420-8223,2025-26,2025-2026,54,PK
Fletcher Miller Special,CO-1420-5892,2025-26,2025-2026,28,PK
Foster Dual Language PK 8 School,CO-1420-3088,2025-26,2025-2026,36,PK
Free Horizon Montessori,CO-1420-3201,2025-26,2025-2026,93,PK
JeffCo Open Elementary,CO-1420-6539,2025-26,2025-2026,20,PK
Addenbrooke Grammar,CO-1420-0491,2025-26,2025-2026,49,PK
Collegiate Academy,CO-1420-7701,2025-26,2025-2026,8,PK
Compass Montessori Golden,CO-1420-1880,2025-26,2025-2026,40,PK
Compass Montessori Wheat Ridge,CO-1420-1869,2025-26,2025-2026,54,PK
Jefferson Academy Elementary,CO-1420-4402,2025-26,2025-2026,29,PK
Jefferson Academy at Coal Creek,CO-1420-1730,2025-26,2025-2026,12,PK
Lincoln Academy,CO-1420-5145,2025-26,2025-2026,60,PK
Montessori Peaks Academy,CO-1420-5994,2025-26,2025-2026,55,PK
Mountain Phoenix,CO-1420-6139,2025-26,2025-2026,67,PK
Rocky Mountain Deaf,CO-1420-5415,2025-26,2025-2026,10,PK
Two Roads,CO-1420-8793,2025-26,2025-2026,14,PK
Woodrow Wilson Academy,CO-1420-9427,2025-26,2025-2026,24,PK
Adams Elementary,CO-1420-0030,2015-16,2015-2016,78,PK
Bergen Elementary,CO-1420-0776,2021-22,2021-2022,61,PK
Blue Heron Elementary,CO-1420-0951,2015-16,2015-2016,32,PK
Columbine Hills Elementary,CO-1420-1861,2015-16,2015-2016,97,PK
Coronado Elementary,CO-1420-1876,2015-16,2015-2016,68,PK
Edgewater Elementary,CO-1420-2496,2015-16,2015-2016,56,PK
Fitzmorris Elementary,CO-1420-2946,2015-16,2015-2016,80,PK
Foothills Elementary,CO-1420-3025,2015-16,2015-2016,30,PK
Foster Elementary,CO-1420-3088,2015-16,2015-2016,68,PK
JeffCo Open Elementary,CO-1420-6539,2015-16,2015-2016,28,PK
Kendallvue Elementary,CO-1420-4549,2015-16,2015-2016,59,PK
Kendrick Lakes Elementary,CO-1420-4550,2015-16,2015-2016,33,PK
Lawrence Elementary,CO-1420-5024,2015-16,2015-2016,28,PK
Leawood Elementary,CO-1420-5036,2015-16,2015-2016,52,PK
Lumberg Elementary,CO-1420-5354,2015-16,2015-2016,27,PK
Meiklejohn Elementary,CO-1420-5758,2015-16,2015-2016,60,PK
Molholm Elementary,CO-1420-5972,2015-16,2015-2016,51,PK
Mortensen Elementary,CO-1420-6133,2015-16,2015-2016,32,PK
Mount Carbon Elementary,CO-1420-6135,2015-16,2015-2016,97,PK
Parr Elementary,CO-1420-6806,2015-16,2015-2016,100,PK
Peak Expeditionary Pennington,CO-1420-6848,2015-16,2015-2016,24,PK
Peiffer Elementary,CO-1420-6844,2015-16,2015-2016,27,PK
Pleasant View Elementary,CO-1420-7078,2015-16,2015-2016,47,PK
Secrest Elementary,CO-1420-7708,2015-16,2015-2016,83,PK
Shaffer Elementary,CO-1420-7780,2015-16,2015-2016,32,PK
Sheridan Green Elementary,CO-1420-4478,2015-16,2015-2016,57,PK
Slater Elementary,CO-1420-7962,2015-16,2015-2016,29,PK
Stevens Elementary,CO-1420-8223,2015-16,2015-2016,42,PK
Stony Creek Elementary,CO-1420-8280,2015-16,2015-2016,80,PK
Stott Elementary,CO-1420-8300,2015-16,2015-2016,53,PK
Van Arsdale Elementary,CO-1420-9052,2015-16,2015-2016,67,PK
Vivian Elementary,CO-1420-9154,2015-16,2015-2016,35,PK
Warder Elementary,CO-1420-9232,2015-16,2015-2016,33,PK
Welchester Elementary,CO-1420-9342,2015-16,2015-2016,14,PK
West Jefferson Elementary,CO-1420-9424,2015-16,2015-2016,76,PK
Westgate Elementary,CO-1420-9412,2015-16,2015-2016,31,PK
Wilmot Elementary,CO-1420-9648,2015-16,2015-2016,66,PK
Witt Elementary,CO-1420-9678,2015-16,2015-2016,63,PK
Adams Elementary,CO-1420-0030,2016-17,2016-2017,64,PK
Allendale Elementary,CO-1420-0148,2016-17,2016-2017,32,PK
Blue Heron Elementary,CO-1420-0951,2016-17,2016-2017,39,PK
Columbine Hills Elementary,CO-1420-1861,2016-17,2016-2017,90,PK
Coronado Elementary,CO-1420-1876,2016-17,2016-2017,61,PK
Edgewater Elementary,CO-1420-2496,2016-17,2016-2017,55,PK
Fitzmorris Elementary,CO-1420-2946,2016-17,2016-2017,80,PK
Foothills Elementary,CO-1420-3025,2016-17,2016-2017,30,PK
Foster Elementary,CO-1420-3088,2016-17,2016-2017,58,PK
JeffCo Open Elementary,CO-1420-6539,2016-17,2016-2017,32,PK
Kendallvue Elementary,CO-1420-4549,2016-17,2016-2017,50,PK
Kendrick Lakes Elementary,CO-1420-4550,2016-17,2016-2017,31,PK
Lawrence Elementary,CO-1420-5024,2016-17,2016-2017,28,PK
Leawood Elementary,CO-1420-5036,2016-17,2016-2017,57,PK
Lumberg Elementary,CO-1420-5354,2016-17,2016-2017,27,PK
Molholm Elementary,CO-1420-5972,2016-17,2016-2017,55,PK
Mortensen Elementary,CO-1420-6133,2016-17,2016-2017,32,PK
Mount Carbon Elementary,CO-1420-6135,2016-17,2016-2017,97,PK
Parr Elementary,CO-1420-6806,2016-17,2016-2017,95,PK
Peak Expeditionary Pennington,CO-1420-6848,2016-17,2016-2017,19,PK
Peiffer Elementary,CO-1420-6844,2016-17,2016-2017,32,PK
Pleasant View Elementary,CO-1420-7078,2016-17,2016-2017,55,PK
Secrest Elementary,CO-1420-7708,2016-17,2016-2017,81,PK
Semper Elementary,CO-1420-7753,2016-17,2016-2017,33,PK
Shaffer Elementary,CO-1420-7780,2016-17,2016-2017,37,PK
Sheridan Green Elementary,CO-1420-4478,2016-17,2016-2017,67,PK
Slater Elementary,CO-1420-7962,2016-17,2016-2017,28,PK
Stevens Elementary,CO-1420-8223,2016-17,2016-2017,44,PK
Stony Creek Elementary,CO-1420-8280,2016-17,2016-2017,70,PK
Stott Elementary,CO-1420-8300,2016-17,2016-2017,59,PK
Van Arsdale Elementary,CO-1420-9052,2016-17,2016-2017,65,PK
Vivian Elementary,CO-1420-9154,2016-17,2016-2017,37,PK
Warder Elementary,CO-1420-9232,2016-17,2016-2017,31,PK
Welchester Elementary,CO-1420-9342,2016-17,2016-2017,15,PK
West Jefferson Elementary,CO-1420-9424,2016-17,2016-2017,78,PK
Westgate Elementary,CO-1420-9412,2016-17,2016-2017,28,PK
Wilmot Elementary,CO-1420-9648,2016-17,2016-2017,66,PK
Witt Elementary,CO-1420-9678,2016-17,2016-2017,57,PK
Adams Elementary,CO-1420-0030,2017-18,2017-2018,53,PK
Allendale Elementary,CO-1420-0148,2017-18,2017-2018,31,PK
Blue Heron Elementary,CO-1420-0951,2017-18,2017-2018,46,PK
Columbine Hills Elementary,CO-1420-1861,2017-18,2017-2018,92,PK
Coronado Elementary,CO-1420-1876,2017-18,2017-2018,66,PK
Edgewater Elementary,CO-1420-2496,2017-18,2017-2018,50,PK
Elk Creek Elementary,CO-1420-2616,2017-18,2017-2018,42,PK
Fitzmorris Elementary,CO-1420-2946,2017-18,2017-2018,75,PK
Foothills Elementary,CO-1420-3025,2017-18,2017-2018,28,PK
Foster Elementary,CO-1420-3088,2017-18,2017-2018,51,PK
JeffCo Open Elementary,CO-1420-6539,2017-18,2017-2018,28,PK
Kendallvue Elementary,CO-1420-4549,2017-18,2017-2018,52,PK
Kendrick Lakes Elementary,CO-1420-4550,2017-18,2017-2018,31,PK
Kyffin Elementary,CO-1420-4830,2017-18,2017-2018,31,PK
Lawrence Elementary,CO-1420-5024,2017-18,2017-2018,24,PK
Leawood Elementary,CO-1420-5036,2017-18,2017-2018,52,PK
Lumberg Elementary,CO-1420-5354,2017-18,2017-2018,48,PK
Molholm Elementary,CO-1420-5972,2017-18,2017-2018,45,PK
Mortensen Elementary,CO-1420-6133,2017-18,2017-2018,32,PK
Mount Carbon Elementary,CO-1420-6135,2017-18,2017-2018,98,PK
Parr Elementary,CO-1420-6806,2017-18,2017-2018,99,PK
Peak Expeditionary Pennington,CO-1420-6848,2017-18,2017-2018,24,PK
Peiffer Elementary,CO-1420-6844,2017-18,2017-2018,33,PK
Rose Stein Elementary,CO-1420-7468,2017-18,2017-2018,60,PK
Secrest Elementary,CO-1420-7708,2017-18,2017-2018,75,PK
Semper Elementary,CO-1420-7753,2017-18,2017-2018,38,PK
Shaffer Elementary,CO-1420-7780,2017-18,2017-2018,34,PK
Sheridan Green Elementary,CO-1420-4478,2017-18,2017-2018,58,PK
Slater Elementary,CO-1420-7962,2017-18,2017-2018,28,PK
Stevens Elementary,CO-1420-8223,2017-18,2017-2018,45,PK
Stony Creek Elementary,CO-1420-8280,2017-18,2017-2018,57,PK
Stott Elementary,CO-1420-8300,2017-18,2017-2018,66,PK
Van Arsdale Elementary,CO-1420-9052,2017-18,2017-2018,66,PK
Vivian Elementary,CO-1420-9154,2017-18,2017-2018,39,PK
Warder Elementary,CO-1420-9232,2017-18,2017-2018,60,PK
Welchester Elementary,CO-1420-9342,2017-18,2017-2018,28,PK
West Jefferson Elementary,CO-1420-9424,2017-18,2017-2018,50,PK
Westgate Elementary,CO-1420-9412,2017-18,2017-2018,30,PK
Wilmot Elementary,CO-1420-9648,2017-18,2017-2018,64,PK
Witt Elementary,CO-1420-9678,2017-18,2017-2018,56,PK
Adams Elementary,CO-1420-0030,2018-19,2018-2019,60,PK
Allendale Elementary,CO-1420-0148,2018-19,2018-2019,29,PK
Blue Heron Elementary,CO-1420-0951,2018-19,2018-2019,40,PK
Columbine Hills Elementary,CO-1420-1861,2018-19,2018-2019,85,PK
Coronado Elementary,CO-1420-1876,2018-19,2018-2019,43,PK
Edgewater Elementary,CO-1420-2496,2018-19,2018-2019,51,PK
Elk Creek Elementary,CO-1420-2616,2018-19,2018-2019,41,PK
Fitzmorris Elementary,CO-1420-2946,2018-19,2018-2019,74,PK
Foothills Elementary,CO-1420-3025,2018-19,2018-2019,31,PK
Foster Elementary,CO-1420-3088,2018-19,2018-2019,54,PK
JeffCo Open Elementary,CO-1420-6539,2018-19,2018-2019,24,PK
Kendallvue Elementary,CO-1420-4549,2018-19,2018-2019,48,PK
Kendrick Lakes Elementary,CO-1420-4550,2018-19,2018-2019,32,PK
Kyffin Elementary,CO-1420-4830,2018-19,2018-2019,28,PK
Lawrence Elementary,CO-1420-5024,2018-19,2018-2019,21,PK
Leawood Elementary,CO-1420-5036,2018-19,2018-2019,43,PK
Lumberg Elementary,CO-1420-5354,2018-19,2018-2019,44,PK
Molholm Elementary,CO-1420-5972,2018-19,2018-2019,49,PK
Mortensen Elementary,CO-1420-6133,2018-19,2018-2019,36,PK
Mount Carbon Elementary,CO-1420-6135,2018-19,2018-2019,75,PK
Parr Elementary,CO-1420-6806,2018-19,2018-2019,84,PK
Peak Expeditionary Pennington,CO-1420-6848,2018-19,2018-2019,17,PK
Peiffer Elementary,CO-1420-6844,2018-19,2018-2019,29,PK
Rose Stein Elementary,CO-1420-7468,2018-19,2018-2019,62,PK
Secrest Elementary,CO-1420-7708,2018-19,2018-2019,77,PK
Semper Elementary,CO-1420-7753,2018-19,2018-2019,44,PK
Shaffer Elementary,CO-1420-7780,2018-19,2018-2019,36,PK
Shelton Elementary,CO-1420-7833,2018-19,2018-2019,26,PK
Sheridan Green Elementary,CO-1420-4478,2018-19,2018-2019,50,PK
Slater Elementary,CO-1420-7962,2018-19,2018-2019,28,PK
Stevens Elementary,CO-1420-8223,2018-19,2018-2019,43,PK
Stony Creek Elementary,CO-1420-8280,2018-19,2018-2019,62,PK
Stott Elementary,CO-1420-8300,2018-19,2018-2019,69,PK
Van Arsdale Elementary,CO-1420-9052,2018-19,2018-2019,66,PK
Vivian Elementary,CO-1420-9154,2018-19,2018-2019,29,PK
Warder Elementary,CO-1420-9232,2018-19,2018-2019,59,PK
Welchester Elementary,CO-1420-9342,2018-19,2018-2019,34,PK
West Jefferson Elementary,CO-1420-9424,2018-19,2018-2019,49,PK
Westgate Elementary,CO-1420-9412,2018-19,2018-2019,28,PK
Wilmore Davis Elementary,CO-1420-9638,2018-19,2018-2019,13,PK
Wilmot Elementary,CO-1420-9648,2018-19,2018-2019,56,PK
Witt Elementary,CO-1420-9678,2018-19,2018-2019,56,PK
Adams Elementary,CO-1420-0030,2019-20,2019-2020,58,PK
Allendale Elementary,CO-1420-0148,2019-20,2019-2020,29,PK
Blue Heron Elementary,CO-1420-0951,2019-20,2019-2020,39,PK
Colorow Elementary,CO-1420-1790,2019-20,2019-2020,13,PK
Columbine Hills Elementary,CO-1420-1861,2019-20,2019-2020,61,PK
Coronado Elementary,CO-1420-1876,2019-20,2019-2020,41,PK
Dutch Creek Elementary,CO-1420-2322,2019-20,2019-2020,29,PK
Edgewater Elementary,CO-1420-2496,2019-20,2019-2020,44,PK
Elk Creek Elementary,CO-1420-2616,2019-20,2019-2020,38,PK
Fitzmorris Elementary,CO-1420-2946,2019-20,2019-2020,43,PK
Foothills Elementary,CO-1420-3025,2019-20,2019-2020,32,PK
Foster Elementary,CO-1420-3088,2019-20,2019-2020,47,PK
Hutchinson Elementary,CO-1420-4190,2019-20,2019-2020,38,PK
JeffCo Open Elementary,CO-1420-6539,2019-20,2019-2020,26,PK
Kendallvue Elementary,CO-1420-4549,2019-20,2019-2020,49,PK
Kendrick Lakes Elementary,CO-1420-4550,2019-20,2019-2020,28,PK
Kyffin Elementary,CO-1420-4830,2019-20,2019-2020,31,PK
Lawrence Elementary,CO-1420-5024,2019-20,2019-2020,26,PK
Leawood Elementary,CO-1420-5036,2019-20,2019-2020,40,PK
Lumberg Elementary,CO-1420-5354,2019-20,2019-2020,35,PK
Molholm Elementary,CO-1420-5972,2019-20,2019-2020,43,PK
Mortensen Elementary,CO-1420-6133,2019-20,2019-2020,30,PK
Mount Carbon Elementary,CO-1420-6135,2019-20,2019-2020,68,PK
Parr Elementary,CO-1420-6806,2019-20,2019-2020,79,PK
Peak Expeditionary Pennington,CO-1420-6848,2019-20,2019-2020,23,PK
Peiffer Elementary,CO-1420-6844,2019-20,2019-2020,26,PK
Rose Stein Elementary,CO-1420-7468,2019-20,2019-2020,53,PK
Secrest Elementary,CO-1420-7708,2019-20,2019-2020,70,PK
Semper Elementary,CO-1420-7753,2019-20,2019-2020,36,PK
Shaffer Elementary,CO-1420-7780,2019-20,2019-2020,32,PK
Shelton Elementary,CO-1420-7833,2019-20,2019-2020,31,PK
Sheridan Green Elementary,CO-1420-4478,2019-20,2019-2020,40,PK
Slater Elementary,CO-1420-7962,2019-20,2019-2020,23,PK
Stevens Elementary,CO-1420-8223,2019-20,2019-2020,52,PK
Stony Creek Elementary,CO-1420-8280,2019-20,2019-2020,59,PK
Stott Elementary,CO-1420-8300,2019-20,2019-2020,59,PK
Van Arsdale Elementary,CO-1420-9052,2019-20,2019-2020,61,PK
Vivian Elementary,CO-1420-9154,2019-20,2019-2020,29,PK
Warder Elementary,CO-1420-9232,2019-20,2019-2020,59,PK
Welchester Elementary,CO-1420-9342,2019-20,2019-2020,42,PK
West Jefferson Elementary,CO-1420-9424,2019-20,2019-2020,43,PK
Westgate Elementary,CO-1420-9412,2019-20,2019-2020,28,PK
Wilmore Davis Elementary,CO-1420-9638,2019-20,2019-2020,28,PK
Wilmot Elementary,CO-1420-9648,2019-20,2019-2020,45,PK
Witt Elementary,CO-1420-9678,2019-20,2019-2020,47,PK
Adams Elementary,CO-1420-0030,2020-21,2020-2021,38,PK
Allendale Elementary,CO-1420-0148,2020-21,2020-2021,12,PK
Blue Heron Elementary,CO-1420-0951,2020-21,2020-2021,37,PK
Colorow Elementary,CO-1420-1790,2020-21,2020-2021,13,PK
Columbine Hills Elementary,CO-1420-1861,2020-21,2020-2021,42,PK
Coronado Elementary,CO-1420-1876,2020-21,2020-2021,18,PK
Dutch Creek Elementary,CO-1420-2322,2020-21,2020-2021,29,PK
Edgewater Elementary,CO-1420-2496,2020-21,2020-2021,38,PK
Eiber Elementary,CO-1420-2550,2020-21,2020-2021,15,PK
Elk Creek Elementary,CO-1420-2616,2020-21,2020-2021,32,PK
Fitzmorris Elementary,CO-1420-2946,2020-21,2020-2021,32,PK
Foothills Elementary,CO-1420-3025,2020-21,2020-2021,33,PK
Hutchinson Elementary,CO-1420-4190,2020-21,2020-2021,28,PK
JeffCo Open Elementary,CO-1420-6539,2020-21,2020-2021,22,PK
Kendallvue Elementary,CO-1420-4549,2020-21,2020-2021,24,PK
Kendrick Lakes Elementary,CO-1420-4550,2020-21,2020-2021,28,PK
Kullerstrand Elementary,CO-1420-4802,2020-21,2020-2021,13,PK
Kyffin Elementary,CO-1420-4830,2020-21,2020-2021,24,PK
Lawrence Elementary,CO-1420-5024,2020-21,2020-2021,19,PK
Leawood Elementary,CO-1420-5036,2020-21,2020-2021,30,PK
Lumberg Elementary,CO-1420-5354,2020-21,2020-2021,22,PK
Molholm Elementary,CO-1420-5972,2020-21,2020-2021,18,PK
Mortensen Elementary,CO-1420-6133,2020-21,2020-2021,32,PK
Mount Carbon Elementary,CO-1420-6135,2020-21,2020-2021,34,PK
Normandy Elementary,CO-1420-6286,2020-21,2020-2021,13,PK
Parr Elementary,CO-1420-6806,2020-21,2020-2021,49,PK
Peak Expeditionary Pennington,CO-1420-6848,2020-21,2020-2021,15,PK
Peiffer Elementary,CO-1420-6844,2020-21,2020-2021,14,PK
Rose Stein Elementary,CO-1420-7468,2020-21,2020-2021,31,PK
Ryan Elementary,CO-1420-7529,2020-21,2020-2021,16,PK
Secrest Elementary,CO-1420-7708,2020-21,2020-2021,37,PK
Semper Elementary,CO-1420-7753,2020-21,2020-2021,32,PK
Shaffer Elementary,CO-1420-7780,2020-21,2020-2021,30,PK
Shelton Elementary,CO-1420-7833,2020-21,2020-2021,24,PK
Sheridan Green Elementary,CO-1420-4478,2020-21,2020-2021,27,PK
Slater Elementary,CO-1420-7962,2020-21,2020-2021,14,PK
Stevens Elementary,CO-1420-8223,2020-21,2020-2021,33,PK
Stony Creek Elementary,CO-1420-8280,2020-21,2020-2021,43,PK
Stott Elementary,CO-1420-8300,2020-21,2020-2021,48,PK
Ute Meadows Elementary,CO-1420-9008,2020-21,2020-2021,13,PK
Van Arsdale Elementary,CO-1420-9052,2020-21,2020-2021,54,PK
Vivian Elementary,CO-1420-9154,2020-21,2020-2021,35,PK
Warder Elementary,CO-1420-9232,2020-21,2020-2021,50,PK
Welchester Elementary,CO-1420-9342,2020-21,2020-2021,25,PK
West Jefferson Elementary,CO-1420-9424,2020-21,2020-2021,31,PK
Westgate Elementary,CO-1420-9412,2020-21,2020-2021,18,PK
Wilmore Davis Elementary,CO-1420-9638,2020-21,2020-2021,25,PK
Wilmot Elementary,CO-1420-9648,2020-21,2020-2021,28,PK
Witt Elementary,CO-1420-9678,2020-21,2020-2021,24,PK
Adams Elementary,CO-1420-0030,2021-22,2021-2022,58,PK
Blue Heron Elementary,CO-1420-0951,2021-22,2021-2022,47,PK
Campbell Elementary,CO-1420-1238,2021-22,2021-2022,16,PK
Colorow Elementary,CO-1420-1790,2021-22,2021-2022,15,PK
Columbine Hills Elementary,CO-1420-1861,2021-22,2021-2022,46,PK
Coronado Elementary,CO-1420-1876,2021-22,2021-2022,31,PK
Dutch Creek Elementary,CO-1420-2322,2021-22,2021-2022,31,PK
Edgewater Elementary,CO-1420-2496,2021-22,2021-2022,30,PK
Eiber Elementary,CO-1420-2550,2021-22,2021-2022,15,PK
Elk Creek Elementary,CO-1420-2616,2021-22,2021-2022,35,PK
Fitzmorris Elementary,CO-1420-2946,2021-22,2021-2022,41,PK
Foothills Elementary,CO-1420-3025,2021-22,2021-2022,45,PK
Hutchinson Elementary,CO-1420-4190,2021-22,2021-2022,42,PK
JeffCo Open Elementary,CO-1420-6539,2021-22,2021-2022,16,PK
Kendallvue Elementary,CO-1420-4549,2021-22,2021-2022,42,PK
Kendrick Lakes Elementary,CO-1420-4550,2021-22,2021-2022,16,PK
Kullerstrand Elementary,CO-1420-4802,2021-22,2021-2022,16,PK
Kyffin Elementary,CO-1420-4830,2021-22,2021-2022,31,PK
Lawrence Elementary,CO-1420-5024,2021-22,2021-2022,27,PK
Leawood Elementary,CO-1420-5036,2021-22,2021-2022,45,PK
Lumberg Elementary,CO-1420-5354,2021-22,2021-2022,29,PK
Molholm Elementary,CO-1420-5972,2021-22,2021-2022,30,PK
Mortensen Elementary,CO-1420-6133,2021-22,2021-2022,29,PK
Mount Carbon Elementary,CO-1420-6135,2021-22,2021-2022,59,PK
Normandy Elementary,CO-1420-6286,2021-22,2021-2022,16,PK
Parr Elementary,CO-1420-6806,2021-22,2021-2022,58,PK
Peak Expeditionary Pennington,CO-1420-6848,2021-22,2021-2022,16,PK
Peiffer Elementary,CO-1420-6844,2021-22,2021-2022,16,PK
Rose Stein Elementary,CO-1420-7468,2021-22,2021-2022,47,PK
Ryan Elementary,CO-1420-7529,2021-22,2021-2022,16,PK
Secrest Elementary,CO-1420-7708,2021-22,2021-2022,57,PK
Semper Elementary,CO-1420-7753,2021-22,2021-2022,46,PK
Shaffer Elementary,CO-1420-7780,2021-22,2021-2022,31,PK
Shelton Elementary,CO-1420-7833,2021-22,2021-2022,16,PK
Sheridan Green Elementary,CO-1420-4478,2021-22,2021-2022,28,PK
Slater Elementary,CO-1420-7962,2021-22,2021-2022,16,PK
Stevens Elementary,CO-1420-8223,2021-22,2021-2022,44,PK
Stony Creek Elementary,CO-1420-8280,2021-22,2021-2022,57,PK
Stott Elementary,CO-1420-8300,2021-22,2021-2022,59,PK
Ute Meadows Elementary,CO-1420-9008,2021-22,2021-2022,15,PK
Van Arsdale Elementary,CO-1420-9052,2021-22,2021-2022,47,PK
Vivian Elementary,CO-1420-9154,2021-22,2021-2022,27,PK
Warder Elementary,CO-1420-9232,2021-22,2021-2022,46,PK
Welchester Elementary,CO-1420-9342,2021-22,2021-2022,31,PK
West Jefferson Elementary,CO-1420-9424,2021-22,2021-2022,40,PK
Westgate Elementary,CO-1420-9412,2021-22,2021-2022,31,PK
Wilmore Davis Elementary,CO-1420-9638,2021-22,2021-2022,32,PK
Wilmot Elementary,CO-1420-9648,2021-22,2021-2022,45,PK
Witt Elementary,CO-1420-9678,2021-22,2021-2022,42,PK
Adams Elementary,CO-1420-0030,2022-23,2022-2023,61,PK
Bergen Elementary,CO-1420-0776,2022-23,2022-2023,58,PK
Blue Heron Elementary,CO-1420-0951,2022-23,2022-2023,40,PK
Campbell Elementary,CO-1420-1238,2022-23,2022-2023,31,PK
Colorow Elementary,CO-1420-1790,2022-23,2022-2023,15,PK
Columbine Hills Elementary,CO-1420-1861,2022-23,2022-2023,46,PK
Coronado Elementary,CO-1420-1876,2022-23,2022-2023,30,PK
Dutch Creek Elementary,CO-1420-2322,2022-23,2022-2023,32,PK
Edgewater Elementary,CO-1420-2496,2022-23,2022-2023,32,PK
Eiber Elementary,CO-1420-2550,2022-23,2022-2023,16,PK
Elk Creek Elementary,CO-1420-2616,2022-23,2022-2023,34,PK
Foothills Elementary,CO-1420-3025,2022-23,2022-2023,44,PK
Hutchinson Elementary,CO-1420-4190,2022-23,2022-2023,46,PK
JeffCo Open Elementary,CO-1420-6539,2022-23,2022-2023,16,PK
Kendallvue Elementary,CO-1420-4549,2022-23,2022-2023,44,PK
Kendrick Lakes Elementary,CO-1420-4550,2022-23,2022-2023,16,PK
Kullerstrand Elementary,CO-1420-4802,2022-23,2022-2023,15,PK
Kyffin Elementary,CO-1420-4830,2022-23,2022-2023,32,PK
Lawrence Elementary,CO-1420-5024,2022-23,2022-2023,44,PK
Leawood Elementary,CO-1420-5036,2022-23,2022-2023,43,PK
Lumberg Elementary,CO-1420-5354,2022-23,2022-2023,31,PK
Molholm Elementary,CO-1420-5972,2022-23,2022-2023,31,PK
Mortensen Elementary,CO-1420-6133,2022-23,2022-2023,28,PK
Mount Carbon Elementary,CO-1420-6135,2022-23,2022-2023,57,PK
Normandy Elementary,CO-1420-6286,2022-23,2022-2023,15,PK
Parr Elementary,CO-1420-6806,2022-23,2022-2023,32,PK
Peak Expeditionary Pennington,CO-1420-6848,2022-23,2022-2023,16,PK
Peiffer Elementary,CO-1420-6844,2022-23,2022-2023,16,PK
Rose Stein Elementary,CO-1420-7468,2022-23,2022-2023,45,PK
Ryan Elementary,CO-1420-7529,2022-23,2022-2023,16,PK
Secrest Elementary,CO-1420-7708,2022-23,2022-2023,57,PK
Semper Elementary,CO-1420-7753,2022-23,2022-2023,44,PK
Shaffer Elementary,CO-1420-7780,2022-23,2022-2023,31,PK
Shelton Elementary,CO-1420-7833,2022-23,2022-2023,16,PK
Sheridan Green Elementary,CO-1420-4478,2022-23,2022-2023,32,PK
Slater Elementary,CO-1420-7962,2022-23,2022-2023,16,PK
Stevens Elementary,CO-1420-8223,2022-23,2022-2023,16,PK
Stony Creek Elementary,CO-1420-8280,2022-23,2022-2023,54,PK
Stott Elementary,CO-1420-8300,2022-23,2022-2023,43,PK
Ute Meadows Elementary,CO-1420-9008,2022-23,2022-2023,16,PK
Van Arsdale Elementary,CO-1420-9052,2022-23,2022-2023,48,PK
Vivian Elementary,CO-1420-9154,2022-23,2022-2023,42,PK
Warder Elementary,CO-1420-9232,2022-23,2022-2023,44,PK
Welchester Elementary,CO-1420-9342,2022-23,2022-2023,30,PK
West Jefferson Elementary,CO-1420-9424,2022-23,2022-2023,41,PK
Westgate Elementary,CO-1420-9412,2022-23,2022-2023,28,PK
Wilmore Davis Elementary,CO-1420-9638,2022-23,2022-2023,30,PK
Wilmot Elementary,CO-1420-9648,2022-23,2022-2023,41,PK
Witt Elementary,CO-1420-9678,2022-23,2022-2023,46,PK
Adams Elementary,CO-1420-0030,2023-24,2023-2024,71,PK
Blue Heron Elementary,CO-1420-0951,2023-24,2023-2024,20,PK
Columbine Hills Elementary,CO-1420-1861,2023-24,2023-2024,34,PK
Coronado Elementary,CO-1420-1876,2023-24,2023-2024,30,PK
Dutch Creek Elementary,CO-1420-2322,2023-24,2023-2024,36,PK
Edgewater Elementary,CO-1420-2496,2023-24,2023-2024,31,PK
Eiber Elementary,CO-1420-2550,2023-24,2023-2024,35,PK
Elk Creek Elementary,CO-1420-2616,2023-24,2023-2024,38,PK
Foothills Elementary,CO-1420-3025,2023-24,2023-2024,53,PK
Governors Ranch Elementary,CO-1420-3536,2023-24,2023-2024,37,PK
Green Gables Elementary,CO-1420-3622,2023-24,2023-2024,16,PK
Hutchinson Elementary,CO-1420-4190,2023-24,2023-2024,27,PK
JeffCo Open Elementary,CO-1420-6539,2023-24,2023-2024,20,PK
Kendallvue Elementary,CO-1420-4549,2023-24,2023-2024,53,PK
Kendrick Lakes Elementary,CO-1420-4550,2023-24,2023-2024,38,PK
Kyffin Elementary,CO-1420-4830,2023-24,2023-2024,38,PK
Lawrence Elementary,CO-1420-5024,2023-24,2023-2024,44,PK
Leawood Elementary,CO-1420-5036,2023-24,2023-2024,46,PK
Lumberg Elementary,CO-1420-5354,2023-24,2023-2024,46,PK
Maple Grove Elementary,CO-1420-5524,2023-24,2023-2024,14,PK
Marshdale Elementary,CO-1420-5580,2023-24,2023-2024,20,PK
Meiklejohn Elementary,CO-1420-5758,2023-24,2023-2024,36,PK
Mortensen Elementary,CO-1420-6133,2023-24,2023-2024,27,PK
Mount Carbon Elementary,CO-1420-6135,2023-24,2023-2024,53,PK
Normandy Elementary,CO-1420-6286,2023-24,2023-2024,32,PK
Patterson Elementary,CO-1420-6808,2023-24,2023-2024,80,PK
Peak Expeditionary Pennington,CO-1420-6848,2023-24,2023-2024,17,PK
Powderhorn Elementary,CO-1420-7128,2023-24,2023-2024,20,PK
Rose Stein Elementary,CO-1420-7468,2023-24,2023-2024,53,PK
Ryan Elementary,CO-1420-7529,2023-24,2023-2024,19,PK
Secrest Elementary,CO-1420-7708,2023-24,2023-2024,39,PK
Semper Elementary,CO-1420-7753,2023-24,2023-2024,68,PK
Shaffer Elementary,CO-1420-7780,2023-24,2023-2024,35,PK
Shelton Elementary,CO-1420-7833,2023-24,2023-2024,29,PK
Sierra Elementary,CO-1420-7870,2023-24,2023-2024,50,PK
Slater Elementary,CO-1420-7962,2023-24,2023-2024,29,PK
Stevens Elementary,CO-1420-8223,2023-24,2023-2024,42,PK
Stony Creek Elementary,CO-1420-8280,2023-24,2023-2024,66,PK
Stott Elementary,CO-1420-8300,2023-24,2023-2024,42,PK
Ute Meadows Elementary,CO-1420-9008,2023-24,2023-2024,19,PK
Van Arsdale Elementary,CO-1420-9052,2023-24,2023-2024,48,PK
Warder Elementary,CO-1420-9232,2023-24,2023-2024,54,PK
Weber Elementary,CO-1420-9328,2023-24,2023-2024,40,PK
Welchester Elementary,CO-1420-9342,2023-24,2023-2024,33,PK
West Jefferson Elementary,CO-1420-9424,2023-24,2023-2024,55,PK
Westgate Elementary,CO-1420-9412,2023-24,2023-2024,31,PK
Wilmot Elementary,CO-1420-9648,2023-24,2023-2024,48,PK
Adams Elementary,CO-1420-0030,2024-25,2024-2025,61,PK
Blue Heron Elementary,CO-1420-0951,2024-25,2024-2025,28,PK
Columbine Hills Elementary,CO-1420-1861,2024-25,2024-2025,55,PK
Coronado Elementary,CO-1420-1876,2024-25,2024-2025,32,PK
Deane Elementary,CO-1420-8090,2024-25,2024-2025,16,PK
Dutch Creek Elementary,CO-1420-2322,2024-25,2024-2025,21,PK
Edgewater Elementary,CO-1420-2496,2024-25,2024-2025,35,PK
Eiber Elementary,CO-1420-2550,2024-25,2024-2025,31,PK
Elk Creek Elementary,CO-1420-2616,2024-25,2024-2025,34,PK
Foothills Elementary,CO-1420-3025,2024-25,2024-2025,49,PK
Governors Ranch Elementary,CO-1420-3536,2024-25,2024-2025,54,PK
Green Gables Elementary,CO-1420-3622,2024-25,2024-2025,18,PK
Hutchinson Elementary,CO-1420-4190,2024-25,2024-2025,39,PK
JeffCo Open Elementary,CO-1420-6539,2024-25,2024-2025,19,PK
Kendallvue Elementary,CO-1420-4549,2024-25,2024-2025,56,PK
Kendrick Lakes Elementary,CO-1420-4550,2024-25,2024-2025,37,PK
Kyffin Elementary,CO-1420-4830,2024-25,2024-2025,38,PK
Leawood Elementary,CO-1420-5036,2024-25,2024-2025,50,PK
Lumberg Elementary,CO-1420-5354,2024-25,2024-2025,31,PK
Maple Grove Elementary,CO-1420-5524,2024-25,2024-2025,15,PK
Marshdale Elementary,CO-1420-5580,2024-25,2024-2025,19,PK
Meiklejohn Elementary,CO-1420-5758,2024-25,2024-2025,32,PK
Mortensen Elementary,CO-1420-6133,2024-25,2024-2025,15,PK
Mount Carbon Elementary,CO-1420-6135,2024-25,2024-2025,74,PK
Normandy Elementary,CO-1420-6286,2024-25,2024-2025,34,PK
Patterson Elementary,CO-1420-6808,2024-25,2024-2025,83,PK
Peak Expeditionary Pennington,CO-1420-6848,2024-25,2024-2025,20,PK
Powderhorn Elementary,CO-1420-7128,2024-25,2024-2025,20,PK
Rose Stein Elementary,CO-1420-7468,2024-25,2024-2025,45,PK
Ryan Elementary,CO-1420-7529,2024-25,2024-2025,18,PK
Secrest Elementary,CO-1420-7708,2024-25,2024-2025,44,PK
Semper Elementary,CO-1420-7753,2024-25,2024-2025,58,PK
Shaffer Elementary,CO-1420-7780,2024-25,2024-2025,19,PK
Shelton Elementary,CO-1420-7833,2024-25,2024-2025,29,PK
Sierra Elementary,CO-1420-7870,2024-25,2024-2025,50,PK
Slater Elementary,CO-1420-7962,2024-25,2024-2025,31,PK
Stevens Elementary,CO-1420-8223,2024-25,2024-2025,48,PK
Stony Creek Elementary,CO-1420-8280,2024-25,2024-2025,58,PK
Stott Elementary,CO-1420-8300,2024-25,2024-2025,32,PK
Ute Meadows Elementary,CO-1420-9008,2024-25,2024-2025,18,PK
Van Arsdale Elementary,CO-1420-9052,2024-25,2024-2025,49,PK
Warder Elementary,CO-1420-9232,2024-25,2024-2025,43,PK
Weber Elementary,CO-1420-9328,2024-25,2024-2025,50,PK
Welchester Elementary,CO-1420-9342,2024-25,2024-2025,34,PK
West Jefferson Elementary,CO-1420-9424,2024-25,2024-2025,62,PK
Westgate Elementary,CO-1420-9412,2024-25,2024-2025,28,PK
Wilmot Elementary,CO-1420-9648,2024-25,2024-2025,40,PK
Compass Montessori Golden,CO-1420-1880,2015-16,2015-2016,38,PK
Compass Montessori Wheat Ridge,CO-1420-1869,2015-16,2015-2016,57,PK
Fletcher Miller Special,CO-1420-5892,2015-16,2015-2016,20,PK
Free Horizon Montessori,CO-1420-3201,2015-16,2015-2016,73,PK
Lincoln Academy,CO-1420-5145,2015-16,2015-2016,40,PK
Montessori Peaks Academy,CO-1420-5994,2015-16,2015-2016,71,PK
Mountain Phoenix,CO-1420-6139,2015-16,2015-2016,83,PK
Rocky Mountain Academy of Evergreen,CO-1420-7462,2015-16,2015-2016,36,PK
Rocky Mountain Deaf,CO-1420-5415,2015-16,2015-2016,6,PK
Woodrow Wilson Academy,CO-1420-9427,2015-16,2015-2016,24,PK
Addenbrooke Grammar,CO-1420-0491,2016-17,2016-2017,14,PK
Compass Montessori Golden,CO-1420-1880,2016-17,2016-2017,38,PK
Compass Montessori Wheat Ridge,CO-1420-1869,2016-17,2016-2017,55,PK
Fletcher Miller Special,CO-1420-5892,2016-17,2016-2017,23,PK
Free Horizon Montessori,CO-1420-3201,2016-17,2016-2017,78,PK
Lincoln Academy,CO-1420-5145,2016-17,2016-2017,48,PK
Montessori Peaks Academy,CO-1420-5994,2016-17,2016-2017,64,PK
Mountain Phoenix,CO-1420-6139,2016-17,2016-2017,74,PK
Rocky Mountain Academy of Evergreen,CO-1420-7462,2016-17,2016-2017,31,PK
Rocky Mountain Deaf,CO-1420-5415,2016-17,2016-2017,7,PK
Woodrow Wilson Academy,CO-1420-9427,2016-17,2016-2017,24,PK
Addenbrooke Grammar,CO-1420-0491,2017-18,2017-2018,18,PK
Compass Montessori Golden,CO-1420-1880,2017-18,2017-2018,39,PK
Compass Montessori Wheat Ridge,CO-1420-1869,2017-18,2017-2018,57,PK
Fletcher Miller Special,CO-1420-5892,2017-18,2017-2018,26,PK
Free Horizon Montessori,CO-1420-3201,2017-18,2017-2018,74,PK
Great Work Montessori,CO-1420-3691,2017-18,2017-2018,57,PK
Lincoln Academy,CO-1420-5145,2017-18,2017-2018,48,PK
Montessori Peaks Academy,CO-1420-5994,2017-18,2017-2018,71,PK
Mountain Phoenix,CO-1420-6139,2017-18,2017-2018,66,PK
Rocky Mountain Deaf,CO-1420-5415,2017-18,2017-2018,3,PK
Woodrow Wilson Academy,CO-1420-9427,2017-18,2017-2018,24,PK
Addenbrooke Grammar,CO-1420-0491,2018-19,2018-2019,39,PK
Compass Montessori Golden,CO-1420-1880,2018-19,2018-2019,41,PK
Compass Montessori Wheat Ridge,CO-1420-1869,2018-19,2018-2019,54,PK
Fletcher Miller Special,CO-1420-5892,2018-19,2018-2019,27,PK
Free Horizon Montessori,CO-1420-3201,2018-19,2018-2019,87,PK
Great Work Montessori,CO-1420-3691,2018-19,2018-2019,56,PK
Lincoln Academy,CO-1420-5145,2018-19,2018-2019,57,PK
Montessori Peaks Academy,CO-1420-5994,2018-19,2018-2019,71,PK
Mountain Phoenix,CO-1420-6139,2018-19,2018-2019,65,PK
Rocky Mountain Deaf,CO-1420-5415,2018-19,2018-2019,8,PK
Woodrow Wilson Academy,CO-1420-9427,2018-19,2018-2019,25,PK
Addenbrooke Grammar,CO-1420-0491,2019-20,2019-2020,36,PK
Compass Montessori Golden,CO-1420-1880,2019-20,2019-2020,40,PK
Compass Montessori Wheat Ridge,CO-1420-1869,2019-20,2019-2020,58,PK
Fletcher Miller Special,CO-1420-5892,2019-20,2019-2020,37,PK
Free Horizon Montessori,CO-1420-3201,2019-20,2019-2020,86,PK
Great Work Montessori,CO-1420-3691,2019-20,2019-2020,60,PK
Lincoln Academy,CO-1420-5145,2019-20,2019-2020,48,PK
Montessori Peaks Academy,CO-1420-5994,2019-20,2019-2020,59,PK
Mountain Phoenix,CO-1420-6139,2019-20,2019-2020,57,PK
Rocky Mountain Deaf,CO-1420-5415,2019-20,2019-2020,5,PK
Woodrow Wilson Academy,CO-1420-9427,2019-20,2019-2020,24,PK
Addenbrooke Grammar,CO-1420-0491,2020-21,2020-2021,17,PK
Compass Montessori Golden,CO-1420-1880,2020-21,2020-2021,40,PK
Compass Montessori Wheat Ridge,CO-1420-1869,2020-21,2020-2021,55,PK
Fletcher Miller Special,CO-1420-5892,2020-21,2020-2021,33,PK
Foster Dual Language PK 8 School,CO-1420-3088,2020-21,2020-2021,23,PK
Free Horizon Montessori,CO-1420-3201,2020-21,2020-2021,64,PK
Great Work Montessori,CO-1420-3691,2020-21,2020-2021,50,PK
Lincoln Academy,CO-1420-5145,2020-21,2020-2021,47,PK
Montessori Peaks Academy,CO-1420-5994,2020-21,2020-2021,43,PK
Mountain Phoenix,CO-1420-6139,2020-21,2020-2021,47,PK
Rocky Mountain Deaf,CO-1420-5415,2020-21,2020-2021,6,PK
Woodrow Wilson Academy,CO-1420-9427,2020-21,2020-2021,30,PK
Addenbrooke Grammar,CO-1420-0491,2021-22,2021-2022,29,PK
Compass Montessori Golden,CO-1420-1880,2021-22,2021-2022,38,PK
Compass Montessori Wheat Ridge,CO-1420-1869,2021-22,2021-2022,53,PK
Fletcher Miller Special,CO-1420-5892,2021-22,2021-2022,29,PK
Foster Dual Language PK 8 School,CO-1420-3088,2021-22,2021-2022,31,PK
Free Horizon Montessori,CO-1420-3201,2021-22,2021-2022,92,PK
Great Work Montessori,CO-1420-3691,2021-22,2021-2022,47,PK
Lincoln Academy,CO-1420-5145,2021-22,2021-2022,60,PK
Montessori Peaks Academy,CO-1420-5994,2021-22,2021-2022,58,PK
Mountain Phoenix,CO-1420-6139,2021-22,2021-2022,56,PK
Rocky Mountain Deaf,CO-1420-5415,2021-22,2021-2022,9,PK
Woodrow Wilson Academy,CO-1420-9427,2021-22,2021-2022,21,PK
Addenbrooke Grammar,CO-1420-0491,2022-23,2022-2023,54,PK
Collegiate Academy,CO-1420-7701,2022-23,2022-2023,11,PK
Compass Montessori Golden,CO-1420-1880,2022-23,2022-2023,39,PK
Compass Montessori Wheat Ridge,CO-1420-1869,2022-23,2022-2023,53,PK
Fletcher Miller Special,CO-1420-5892,2022-23,2022-2023,35,PK
Foster Dual Language PK 8 School,CO-1420-3088,2022-23,2022-2023,32,PK
Free Horizon Montessori,CO-1420-3201,2022-23,2022-2023,82,PK
Great Work Montessori,CO-1420-3691,2022-23,2022-2023,55,PK
Lincoln Academy,CO-1420-5145,2022-23,2022-2023,63,PK
Montessori Peaks Academy,CO-1420-5994,2022-23,2022-2023,48,PK
Mountain Phoenix,CO-1420-6139,2022-23,2022-2023,55,PK
Rocky Mountain Deaf,CO-1420-5415,2022-23,2022-2023,11,PK
Woodrow Wilson Academy,CO-1420-9427,2022-23,2022-2023,23,PK
Addenbrooke Grammar,CO-1420-0491,2023-24,2023-2024,51,PK
Collegiate Academy,CO-1420-7701,2023-24,2023-2024,12,PK
Compass Montessori Golden,CO-1420-1880,2023-24,2023-2024,42,PK
Compass Montessori Wheat Ridge,CO-1420-1869,2023-24,2023-2024,61,PK
Fletcher Miller Special,CO-1420-5892,2023-24,2023-2024,31,PK
Foster Dual Language PK 8 School,CO-1420-3088,2023-24,2023-2024,37,PK
Free Horizon Montessori,CO-1420-3201,2023-24,2023-2024,66,PK
Lincoln Academy,CO-1420-5145,2023-24,2023-2024,45,PK
Montessori Peaks Academy,CO-1420-5994,2023-24,2023-2024,54,PK
Mountain Phoenix,CO-1420-6139,2023-24,2023-2024,62,PK
Rocky Mountain Deaf,CO-1420-5415,2023-24,2023-2024,14,PK
Two Roads,CO-1420-8793,2023-24,2023-2024,7,PK
Woodrow Wilson Academy,CO-1420-9427,2023-24,2023-2024,19,PK
Addenbrooke Grammar,CO-1420-0491,2024-25,2024-2025,53,PK
Collegiate Academy,CO-1420-7701,2024-25,2024-2025,13,PK
Compass Montessori Golden,CO-1420-1880,2024-25,2024-2025,38,PK
Compass Montessori Wheat Ridge,CO-1420-1869,2024-25,2024-2025,62,PK
Fletcher Miller Special,CO-1420-5892,2024-25,2024-2025,34,PK
Foster Dual Language PK 8 School,CO-1420-3088,2024-25,2024-2025,31,PK
Free Horizon Montessori,CO-1420-3201,2024-25,2024-2025,67,PK
Lincoln Academy,CO-1420-5145,2024-25,2024-2025,64,PK
Montessori Peaks Academy,CO-1420-5994,2024-25,2024-2025,59,PK
Mountain Phoenix,CO-1420-6139,2024-25,2024-2025,56,PK
Rocky Mountain Deaf,CO-1420-5415,2024-25,2024-2025,9,PK
Two Roads,CO-1420-8793,2024-25,2024-2025,13,PK
Woodrow Wilson Academy,CO-1420-9427,2024-25,2024-2025,26,PK
Irwin Preschool,CO-1420-4307,2015-16,2015-2016,107,PK
John and Karen Litz Preschool,CO-1420-8458,2015-16,2015-2016,76,PK
Norma Anderson Early Learning Center,CO-1420-3250,2015-16,2015-2016,122,PK
Patterson Preschool,CO-1420-6808,2015-16,2015-2016,113,PK
Stein Preschool,CO-1420-8248,2015-16,2015-2016,64,PK
Irwin Preschool,CO-1420-4307,2016-17,2016-2017,112,PK
John and Karen Litz Preschool,CO-1420-8458,2016-17,2016-2017,78,PK
Norma Anderson Early Learning Center,CO-1420-3250,2016-17,2016-2017,117,PK
Patterson Preschool,CO-1420-6808,2016-17,2016-2017,107,PK
Stein Preschool,CO-1420-8248,2016-17,2016-2017,57,PK
Irwin Preschool,CO-1420-4307,2017-18,2017-2018,106,PK
John and Karen Litz Preschool,CO-1420-8458,2017-18,2017-2018,84,PK
Norma Anderson Early Learning Center,CO-1420-3250,2017-18,2017-2018,112,PK
Patterson Preschool,CO-1420-6808,2017-18,2017-2018,111,PK
Irwin Preschool,CO-1420-4307,2018-19,2018-2019,95,PK
John and Karen Litz Preschool,CO-1420-8458,2018-19,2018-2019,85,PK
Norma Anderson Early Learning Center,CO-1420-3250,2018-19,2018-2019,105,PK
Patterson Preschool,CO-1420-6808,2018-19,2018-2019,104,PK
Irwin Preschool,CO-1420-4307,2019-20,2019-2020,84,PK
John and Karen Litz Preschool,CO-1420-8458,2019-20,2019-2020,68,PK
Norma Anderson Early Learning Center,CO-1420-3250,2019-20,2019-2020,92,PK
Patterson Preschool,CO-1420-6808,2019-20,2019-2020,108,PK
Irwin Preschool,CO-1420-4307,2020-21,2020-2021,51,PK
John and Karen Litz Preschool,CO-1420-8458,2020-21,2020-2021,40,PK
Norma Anderson Early Learning Center,CO-1420-3250,2020-21,2020-2021,60,PK
Patterson Preschool,CO-1420-6808,2020-21,2020-2021,64,PK
Irwin Preschool,CO-1420-4307,2021-22,2021-2022,20,PK
Patterson Preschool,CO-1420-6808,2021-22,2021-2022,78,PK
Irwin Preschool,CO-1420-4307,2022-23,2022-2023,17,PK
Patterson Preschool,CO-1420-6808,2022-23,2022-2023,74,PK
Campbell Early Learning Center,CO-1420-1244,2023-24,2023-2024,130,PK
Norma Anderson Early Learning Center,CO-1420-6285,2023-24,2023-2024,71,PK
Campbell Early Learning Center,CO-1420-1244,2024-25,2024-2025,198,PK
Norma Anderson Early Learning Center,CO-1420-6285,2024-25,2024-2025,112,PK
Bergen Elementary,CO-1420-0776,2023-24,2023-2024,68,PK
Bergen Elementary,CO-1420-0779,2024-25,2024-2025,60,PK
Bergen Elementary,CO-1420-0779,2025-26,2025-2026,54,PK
Bergen Elementary,CO-1420-0779,2026-27,2026-2027,71,PK
Bergen Elementary,CO-1420-0779,2027-28,2027-2028,50,PK
Bergen Elementary,CO-1420-0779,2028-29,2028-2029,71,PK
Bergen Elementary,CO-1420-0779,2029-30,2029-2030,61,PK
Bergen Elementary,CO-1420-0779,2030-31,2030-2031,61,PK
