EnrollJeffco School Name,State School ID,Presence weighted,Safety & Security score weighted,Community score weighted,Organization score weighted,Assembly score weighted,Extended learning score weighted,Overall Classroom score,Overall Environmental Quality score,Weighted overall EA Score,Weighted overall EA Score category
Adams Elementary,CO-1420-0030,0.834633333,0.7825,0.647291667,0.77375,0.458212209,0.274591837,0.636814009,0.953125,0.702143368,Good
Alameda International Junior/Senior High School,CO-1420-0108,0.911106481,0.839465812,0.903125,1,0.580208333,0.769428571,0.818790836,0.825,0.829900544,Excellent
Arvada High School,CO-1420-0370,0.8863,0.780595238,0.721875,0.52375,0.734187258,0.205714286,0.71030017,0.742857143,0.703631096,Good
Arvada West High School,CO-1420-0378,0.9441,0.811071429,0.841041667,0.595,0.793784722,0.257142857,0.742559524,1,0.776582099,Excellent
Bear Creek High School,CO-1420-0664,0.9375,0.835,0.892708333,0.84125,0.707463663,0.315,0.673279163,0.915625,0.780250128,Excellent
Bear Creek K-8,CO-1420-0660,0.935481481,0.599642857,0.881041667,0.7625,0.596875,0.328222997,0.718739434,0.796428571,0.70363133,Good
Bell Middle School,CO-1420-0694,0.9525,0.753796296,0.900625,0.8125,0.654930556,0.335204082,0.694224162,0.7,0.737098446,Good
Belmar School of Integrated Arts,CO-1420-0724,0.799325,0.691785714,0.73125,0.436666667,0.486797481,0.323265306,0.614960424,0.957142857,0.646742437,Fair
Bergen Elementary School,CO-1420-0779,0.8186,0.843076923,0.578541667,0.637083333,0.3125,0.843204082,0.721876549,0.859375,0.718704239,Good
Blue Heron Elementary,CO-1420-0951,0.743516667,0.7525,0.511875,0.527083333,0.395954457,0.523755102,0.57883101,0.896875,0.638211836,Fair
Bradford K8 North,CO-1420-0952,0.771112654,0.8325,0.725625,0.757916667,0.583854167,0.23877551,0.552171875,0.809375,0.685978055,Good
Bradford K8 South,CO-1420-0950,0.935481481,0.8125,0.796041667,0.699583333,0.542708333,0.255306122,0.62937358,0.7375,0.7027438,Good
Brady Exploration School,CO-1420-0965,0.566118827,0.656666667,0.783333333,0.38,0.629375,0.096428571,0.604868552,0.775,0.590382802,Fair
Campbell Early Learning Center,CO-1420-1244,0.676814815,0.775,0.424583333,0.62375,0.298958333,0.338877551,0.750865385,0.725,0.63977604,Fair
Carmody Middle School,CO-1420-1318,0.9168,0.638333333,0.639583333,0.79375,0.455572917,0.308571429,0.842323947,0.971875,0.730376651,Good
Chatfield Senior High School,CO-1420-1522,0.935,0.8825,0.956666667,0.84125,0.737791667,0.291428571,0.586101687,0.875,0.77225474,Excellent
Columbine High School,CO-1420-1864,0.839125,0.845833333,0.8775,0.6275,0.822829861,0.694571429,0.54839148,0.9,0.751548911,Excellent
Columbine Hills Elementary,CO-1420-1861,0.869633333,0.693333333,0.731875,0.422083333,0.584375,0.338877551,0.731229768,0.8125,0.674788238,Good
Conifer High School,CO-1420-1886,0.961,0.801217949,0.891666667,0.839583333,0.911215278,0.334285714,0.693262213,0.838888889,0.794736002,Excellent
Connections Learning Center,CO-1420-4798,0.855,0.3845,0.808541667,0.46,0.653125,0.205714286,0.824202222,0.88,0.64140638,Fair
Coronado Elementary,CO-1420-1876,0.826833333,0.75,0.881666667,0.7375,0.665625,0.354489796,0.777023611,0.85,0.750231532,Excellent
Creighton Middle,CO-1420-1976,0.632825,0.6375,0.556458333,0.88125,0.380520833,0.199285714,0.649004712,0.721875,0.618594698,Fair
Dakota Ridge High School,CO-1420-2093,0.883166667,0.805462963,0.959375,0.7675,0.670347222,0.250714286,0.690741005,0.913888889,0.759150595,Excellent
Deane Elementary,CO-1420-8090,0.7971,0.8575,0.670625,0.595,0.255087209,0.243367347,0.60599562,0.915625,0.660755514,Good
Deer Creek Middle School,CO-1420-2130,0.776466667,0.735833333,0.789791667,0.67375,0.64953125,0.613142857,0.616590964,0.644444444,0.683389802,Good
Dennison Elementary,CO-1420-9432,0.777333333,0.746666667,0.688541667,0.495,0.509375,0.303061224,0.647888426,0.608333333,0.630550366,Fair
D'Evelyn Junior/Senior High School,CO-1420-2120,0.914125,0.796785714,0.699583333,0.7125,0.523359375,0.261428571,0.610920294,0.95,0.710655816,Good
Devinny Elementary,CO-1420-2194,0.8856,0.749166667,0.904583333,0.61375,0.703246124,0.277346939,0.829082692,0.958333333,0.767599257,Excellent
Drake Middle School,CO-1420-2288,0.858975309,0.8125,0.78625,0.480416667,0.5803125,0.736959184,0.677497234,0.7875,0.716533726,Good
Dunstan Middle School,CO-1420-2300,0.9785,0.8775,0.946875,0.95,0.888177083,0.834904762,0.869811508,0.914285714,0.901830633,Excellent
Dutch Creek Elementary,CO-1420-2322,0.7618,0.678333333,0.733333333,0.585,0.390503876,0.310452962,0.625244284,0.946875,0.64591414,Fair
Edgewater Elementary,CO-1420-2496,0.693785075,0.7625,0.467916667,0.328333333,0.216085271,0.447142857,0.670549786,0.934375,0.610689779,Fair
Eiber Elementary,CO-1420-2550,0.843566667,0.6175,0.521458333,0.52875,0.501162791,0.335204082,0.763589063,0.8,0.65155431,Good
Elk Creek Elementary,CO-1420-2616,0.8725,0.7075,0.818541667,0.769583333,0.325,0.546651568,0.821230063,0.946875,0.739335008,Good
Evergreen High School,CO-1420-2836,0.803833333,0.8725,0.832083333,0.95,0.576423611,0.639714286,0.672963938,0.921875,0.786550959,Excellent
Evergreen Middle School,CO-1420-2832,0.873425,0.685378788,0.734375,0.72375,0.598854167,0.310714286,0.706668297,0.7,0.689185331,Good
Everitt Middle School,CO-1420-2820,0.8206,0.649166667,0.839375,0.512083333,0.773713038,0.302142857,0.694476389,0.728125,0.676951823,Good
Fairmount Elementary,CO-1420-2866,0.755525,0.79,0.691666667,0.63,0.408793605,0.191938776,0.525197893,0.825,0.63239079,Fair
Falcon Bluffs Middle School,CO-1420-2963,0.888981481,0.8175,0.712916667,0.85625,0.687552083,0.319591837,0.714731633,0.989285714,0.778087422,Excellent
Fletcher Miller Special Education School,CO-1420-5892,0.9525,0.956730769,0.8375,0.814583333,0.635864826,0.257142857,0.850669147,1,0.840563269,Excellent
Foothills Elementary,CO-1420-3025,0.754433333,0.6375,0.628541667,0.57,0.544791667,0.385714286,0.651110243,0.653125,0.622966496,Fair
Foster Dual Language PK-8,CO-1420-3088,0.822814815,0.799642857,0.760208333,0.60375,0.417708333,0.796061224,0.736529705,0.878571429,0.730369387,Good
Free Horizon Montessori PK-8,CO-1420-3201,0.342616667,0.5425,0.480416667,0.458333333,0.294791667,0.240612245,0.647762018,0.603571429,0.493372399,Poor
Fremont Elementary,CO-1420-3216,0.558606481,0.694285714,0.454166667,0.56,0.172916667,0.608081633,0.586113467,0.6,0.553716184,Fair
Golden High School,CO-1420-3502,0.909481481,0.468333333,0.849375,0.88,0.635104167,0.463428571,0.726148958,0.859375,0.703258557,Good
Governor's Ranch Elementary,CO-1420-3536,0.711925,0.7975,0.544375,0.93,0.0625,0.682062718,0.506636781,0.8,0.636213047,Fair
Green Gables Elementary,CO-1420-3622,0.67635,0.736785714,0.541666667,0.298333333,0.169210271,0.275510204,0.528536905,0.914285714,0.55526811,Fair
Green Mountain High School,CO-1420-3628,0.474945988,0.7325,0.663541667,0.266666667,0.510625,0.334285714,0.712911756,0.615625,0.584177762,Fair
Hackberry Hill Elementary,CO-1420-3726,0.853166667,0.721666667,0.646875,0.665,0.514583333,0.354489796,0.706210817,0.83125,0.691159707,Good
Hutchinson Elementary,CO-1420-4190,0.7756,0.682222222,0.525833333,0.68375,0.65,0.335204082,0.689695302,0.758333333,0.671337454,Good
Jefferson County Open Elementary School,CO-1420-6539,0.792433333,0.6865,0.851875,0.6275,0.7625,0.541489796,0.724069363,0.91,0.734472718,Good
Jefferson Junior/Senior High School,CO-1420-4422,0.8505,0.99,0.866666667,0.7125,0.683791667,0.265714286,0.712961483,0.740625,0.773281123,Excellent
Ken Caryl Middle School,CO-1420-4548,0.818925,0.820555556,0.798541667,0.635833333,0.419444444,0.295714286,0.553907488,0.522222222,0.632497674,Fair
Kendallvue Elementary,CO-1420-4549,0.870166667,0.678333333,0.880208333,0.7375,0.875,0.335204082,0.698942214,0.803125,0.738672108,Good
Kendrick Lakes Elementary,CO-1420-4550,0.900466667,0.775,0.796875,0.775,0.851962209,0.762714286,0.840331036,0.990625,0.836501177,Excellent
Kyffin Elementary,CO-1420-4830,0.859633333,0.785,0.8275,0.535,0.703125,0.370102041,0.681718842,0.721875,0.70576356,Good
Lakewood High School,CO-1420-4942,0.8583,0.591,0.975,0.819583333,0.931631944,0.513428571,0.663675052,0.6225,0.720619963,Good
Lasley Elementary,CO-1420-5004,0.8411,0.643809524,0.725833333,0.478333333,0.529166667,0.647571429,0.709095238,0.828571429,0.674409259,Good
Lawrence Elementary,CO-1420-5024,0.865025,0.873333333,0.694166667,0.620833333,0.639583333,0.32877551,0.804940527,0.9375,0.77010672,Excellent
Leawood Elementary,CO-1420-5036,0.732466667,0.86,0.596875,0.61,0.374878876,0.274591837,0.560652718,0.933333333,0.658635303,Good
Little Elementary,CO-1420-5222,0.577316667,0.791666667,0.593125,0.438333333,0.270712209,0.335204082,0.576785123,0.709375,0.577422814,Fair
Long View High School,CO-1420-5623,0.54935,0.48,0.351458333,0.375,0,0.015612245,0.730090278,0.825,0.483673983,Poor
Lukas Elementary,CO-1420-5350,0.7874,0.86,0.656875,0.7025,0.8125,0.312244898,0.674229365,0.817857143,0.741475091,Good
Lumberg Elementary,CO-1420-5354,0.801058333,0.710833333,0.742708333,0.508333333,0.442708333,0.224081633,0.71558742,0.934375,0.669190165,Good
Mandalay Middle School,CO-1420-5454,0.6194,0.804166667,0.714166667,0.657083333,0.416770833,0.282857143,0.735920414,0.875,0.682993359,Good
Manning School of Academics and Arts,CO-1420-5472,0.878987654,0.725833333,0.8475,0.298333333,0.618611111,0.612285714,0.760031597,0.89375,0.71014498,Good
Maple Grove Elementary,CO-1420-5524,0.818025,0.82,0.771875,0.49,0.463420543,0.243367347,0.649668777,0.98125,0.688850474,Good
Marshdale Elementary,CO-1420-5580,0.9525,0.889166667,0.9175,0.91,0.803125,0.823857143,0.863590895,0.966666667,0.889831707,Excellent
McLain Community High School,CO-1420-0033,0.724725,0.478214286,0.45,0.30375,0.193958333,0.173571429,0.617419444,0.867857143,0.510371517,Fair
Meiklejohn Elementary,CO-1420-5758,0.798439815,0.520714286,0.45375,0.8425,0.423958333,0.57055102,0.773747871,0.828571429,0.666060489,Good
Mitchell Elementary,CO-1420-5944,0.70235,0.8575,0.672291667,0.439166667,0.260174419,0.40622449,0.65468021,0.892857143,0.650907414,Good
Mortensen Elementary,CO-1420-6133,0.8406,0.757706553,0.747708333,0.51,0.5625,0.345993031,0.751199057,0.791666667,0.696603174,Good
Mount Carbon Elementary,CO-1420-6135,0.719391667,0.9175,0.472291667,0.664583333,0.403464147,0.24244898,0.57634371,0.9,0.670277432,Good
Norma Anderson Early Learning Center,CO-1420-6285,0.608797043,0.66,0.718541667,0.83125,0.78125,0.162229965,0.807645833,0.825,0.713552725,Good
Normandy Elementary,CO-1420-6286,0.75935,0.765833333,0.607083333,0.508333333,0.260174419,0.271836735,0.584774519,0.8875,0.617337055,Fair
North Arvada Middle School,CO-1420-6330,0.961975309,0.7775,0.855833333,0.8425,0.680243056,0.335204082,0.746189038,0.840625,0.774248905,Excellent
Oberon Middle School,CO-1420-6470,0.785475309,0.762857143,0.717083333,0.6775,0.654270833,0.27,0.604105181,0.467857143,0.645841066,Fair
Parmalee Elementary,CO-1420-6804,0.452325,0.774285714,0.504166667,0.625,0.261458333,0.68654007,0.711295238,0.817857143,0.635906194,Fair
Patterson Elementary,CO-1420-6808,0.591025,0.664166667,0.588125,0.42,0.346172481,0.275510204,0.550363221,0.834375,0.561383318,Fair
Peak Expeditionary at Pennington,CO-1420-6848,0.669612654,0.774642857,0.6775,0.705,0.448958333,0.306734694,0.675260054,0.785714286,0.666800938,Good
Pomona Junior/Senior High School,CO-1420-7114,0.755966667,0.835,0.72,0.560833333,0.76015625,0.231428571,0.648971627,0.582142857,0.678084072,Good
Powderhorn Elementary,CO-1420-7128,0.8484,0.7375,0.596875,0.67875,0.457291667,0.323265306,0.643472578,0.841666667,0.672013738,Good
Prospect Valley Elementary,CO-1420-7190,0.8703,0.86787037,1,0.88625,0.704166667,0.733918367,0.786483184,1,0.848486995,Excellent
Ralston Elementary,CO-1420-7238,0.9031,0.665833333,0.609375,0.393333333,0.674418605,0.544918367,0.63587476,0.803125,0.661615534,Good
Ralston Valley High School,CO-1420-7239,0.920975309,0.6725,0.721875,0.8125,0.580347222,0.321428571,0.695685326,0.740625,0.701385552,Good
Red Rocks Elementary,CO-1420-7282,0.712191667,0.715,0.661458333,0.380416667,0.604748062,0.354489796,0.717375412,0.939285714,0.667707444,Good
Rooney Ranch Elementary,CO-1420-7483,0.603391667,0.8225,0.808617424,0.72125,0.796414729,0.303979592,0.690023716,0.63125,0.703739148,Good
Rose Stein International Elementary,CO-1420-7468,0.661891667,0.7025,0.609375,0.61,0.328003876,0.310452962,0.742466667,0.85,0.644415873,Fair
Ryan Elementary,CO-1420-7529,0.915833333,0.8,0.550208333,0.91125,0.545833333,0.335204082,0.706833333,0.721875,0.727907171,Good
Secrest Elementary,CO-1420-7708,0.891133333,0.8,0.441875,0.53375,0.2375,0.354489796,0.744623552,0.9,0.672201426,Good
Semper Elementary,CO-1420-7753,0.6964,0.8475,0.67125,0.88625,0.437378876,0.225918367,0.606538947,0.634375,0.667896217,Good
Shaffer Elementary,CO-1420-7780,0.877433333,0.8325,0.91875,0.975,0.760416667,0.762530612,0.772262193,0.8125,0.830612744,Excellent
Shelton Elementary,CO-1420-7833,0.637133333,0.69,0.569791667,0.744583333,0.390625,0.20755102,0.648921994,0.840625,0.631053555,Fair
Sierra Elementary,CO-1420-7870,0.774677419,0.885,0.946666667,0.708333333,0.964583333,0.950785714,0.825435492,0.90625,0.85816014,Excellent
Slater Elementary,CO-1420-7962,0.683725,0.8275,0.729166667,0.542083333,0.229045543,0.226836735,0.57366895,0.9625,0.633077053,Fair
Sobesky Academy,CO-1420-8036,0.8443,0.8575,0.7725,0.76125,0.178125,0.16255102,0.641910363,1,0.694446804,Good
South Lakewood Elementary,CO-1420-8102,0.7451,0.868571429,0.671041667,0.8225,0.389583333,0.350816327,0.712630952,0.785714286,0.712914598,Good
Standley Lake High School,CO-1420-8209,0.8511,0.77037037,0.813333333,0.41625,0.569603924,0.305816327,0.638071781,0.458333333,0.630194043,Fair
Stevens Elementary,CO-1420-8223,0.258,0.65,0.811875,0.63375,0.727083333,0.128571429,0.73020816,0.765625,0.623899763,Fair
Stober Elementary,CO-1420-8276,0.723325,0.638928571,0.57125,0.62875,0.636337209,0.648408163,0.83851627,0.957142857,0.723363759,Good
Stony Creek Elementary,CO-1420-8280,0.849425,0.735,0.72875,0.7275,0.66875,0.323265306,0.715741731,0.765625,0.715421235,Good
Stott Elementary,CO-1420-8300,0.793814815,0.8575,0.458125,0.685,0.411458333,0.62277551,0.700530791,0.6625,0.689920554,Good
Summit Ridge Middle School,CO-1420-8381,0.871481481,0.80797619,0.908958333,0.71625,0.543203125,0.385714286,0.745244048,1,0.764967932,Excellent
Swanson Elementary,CO-1420-8432,0.913125,0.823809524,0.769791667,0.68375,0.664583333,0.370102041,0.656575183,0.617857143,0.712225749,Good
Three Creeks K-8,CO-1420-8856,0.846975309,0.783888889,0.5625,0.69375,0.695833333,0.370102041,0.736541619,0.941666667,0.742820816,Good
Ute Meadows Elementary,CO-1420-9008,0.869633333,0.660833333,0.629583333,0.632083333,0.527083333,0.3,0.701074854,0.840625,0.673114782,Good
Van Arsdale Elementary,CO-1420-9052,0.604660494,0.803571429,0.36625,0.73625,0.234375,0.51377551,0.68009243,0.367857143,0.594498123,Fair
Vanderhoof Elementary,CO-1420-9058,0.8061,0.812142857,0.664166667,0.88125,0.391666667,0.848632653,0.547389164,0.225,0.642164485,Fair
Warder Elementary,CO-1420-9232,0.869958333,0.78,0.437083333,0.635,0.602083333,0.309489796,0.793784848,0.86875,0.72184977,Good
Warren Tech,CO-1420-9234,0.645425,0.522857143,0.537916667,0.346666667,,0.510428571,0.556307937,0.378571429,0.506645734,Fair
Warren Tech North,CO-1420-9245,0.795148148,0.685277778,0.539583333,0.63875,,0.128571429,0.537355698,0.775,0.62353031,Fair
Warren Tech South,CO-1420-1001,0.7478,0.844,0.781666667,0.6125,0.8609375,0.128571429,0.71487381,0.735,0.725456019,Good
Wayne Carle Middle School,CO-1420-9299,0.872106481,0.874642857,0.772708333,0.7,0.858125,0.623714286,0.686804195,0.989285714,0.804513623,Excellent
Weber Elementary,CO-1420-9328,0.798666667,0.775,0.521875,0.565,0.667708333,0.319591837,0.671524917,0.728125,0.67480925,Good
Welchester Elementary,CO-1420-9342,0.771833333,0.785,0.909375,0.625,0.710416667,0.319591837,0.850505382,0.878125,0.763429909,Excellent
West Jefferson Elementary,CO-1420-9424,0.9935,0.8675,0.786875,0.589166667,0.625,0.354489796,0.826972863,0.90625,0.785949421,Excellent
West Jefferson Middle School,CO-1420-9428,0.752648148,0.6325,0.934166667,0.538333333,0.751614583,0.28744898,0.693870308,0.819444444,0.680620994,Good
West Woods Elementary,CO-1420-9429,0.736425,0.7975,0.528125,0.575833333,0.108333333,0.64256446,0.544163381,0.790625,0.608876462,Fair
Westgate Elementary,CO-1420-9412,0.630691667,0.885,0.688958333,0.386666667,0.476501938,0.319591837,0.549125427,0.838888889,0.633919456,Fair
Westridge Elementary,CO-1420-9490,0.73735,0.746071429,0.569791667,0.80625,0.161337209,0.242770035,0.488862943,0.882142857,0.607025518,Fair
Wheat Ridge High School,CO-1420-9510,0.855925,0.795,0.842708333,0.422083333,0.773020833,0.665428571,0.620823115,0.9125,0.727693761,Good
Wilmot Elementary,CO-1420-9648,0.839233333,0.8625,0.730833333,0.88125,0.698958333,0.292040816,0.750588542,0.9125,0.785506203,Excellent
