JeffCoFacilityID,CDE School Code,Building Name,Title 1
101,30,Adams Elementary,No
931,1451,Addenbrooke Classical Academy,No
951,491,Addenbrooke Classical Academy (PK - 8th),No
520,108,Alameda International Junior/Senior High School,Yes
301,370,Arvada High School,Yes
302,378,Arvada West High School,No
303,664,Bear Creek High School,No
510,660,Bear Creek K-8,Yes
201,694,Bell Middle School,No
102,724,Belmar School of Integrated Arts,Yes
103,779,Bergen Elementary School,No
104,951,Blue Heron Elementary,No
513,952,Bradford K8 North,No
512,950,Bradford K8 South,No
304,965,Brady Exploration School,Yes
105,1244,Campbell Early Learning Center,No
202,1318,Carmody Middle School,No
305,1522,Chatfield Senior High School,No
,7701,Collegiate Academy,No
306,1864,Columbine High School,No
106,1861,Columbine Hills Elementary,No
,1880,Compass Montessori,No
901,1869,Compass Montessori Wheat Ridge,No
307,1886,Conifer High School,No
203,4798,Connections Learning Center,Yes
107,1876,Coronado Elementary,No
204,1976,Creighton Middle,Yes
308,2093,Dakota Ridge High School,No
108,8090,Deane Elementary,Yes
205,2130,Deer Creek Middle School,No
109,9432,Dennison Elementary,No
521,2120,D'Evelyn Junior/Senior High School,No
110,2194,Devinny Elementary,No
789,2189,Doral Academy of Colorado,No
206,2288,Drake Middle School,No
207,2300,Dunstan Middle School,No
111,2322,Dutch Creek Elementary,No
112,2496,Edgewater Elementary,Yes
113,2550,Eiber Elementary,Yes
114,2616,Elk Creek Elementary,No
309,2836,Evergreen High School,No
208,2832,Evergreen Middle School,No
209,2820,Everitt Middle School,Yes
958,2799,Excel Academy,No
115,2866,Fairmount Elementary,No
210,2963,Falcon Bluffs Middle School,No
501,5892,Fletcher Miller Special Education School,No
116,3025,Foothills Elementary,Yes
502,3088,Foster Dual Language PK-8,Yes
503,3201,Free Horizon Montessori PK-8,No
117,3216,Fremont Elementary,No
310,3502,Golden High School,No
118,3536,Governor's Ranch Elementary,No
119,3622,Green Gables Elementary,No
311,3628,Green Mountain High School,No
120,3726,Hackberry Hill Elementary,No
121,4190,Hutchinson Elementary,No
,9980,Jeffco Central Services,No
,4127,Jeffco Remote Learning Program,No
,499,Jeffco Transition Services,No
,4408,Jeffco Virtual Academy,No
,4404,Jefferson Academy,No
952,1730,Jefferson Academy at Coal Creek Canyon,No
902,4402,Jefferson Academy Elementary,No
965,4410,Jefferson Academy Secondary,No
122,6539,Jefferson County Open Elementary School,No
,6541,Jefferson County Open Secondary,No
522,4422,Jefferson Junior/Senior High School,Yes
211,4548,Ken Caryl Middle School,No
123,4549,Kendallvue Elementary,No
124,4550,Kendrick Lakes Elementary,No
125,4830,Kyffin Elementary,No
312,4942,Lakewood High School,No
126,5004,Lasley Elementary,Yes
127,5024,Lawrence Elementary,Yes
128,5036,Leawood Elementary,No
,5145,Lincoln Academy,No
129,5222,Little Elementary,Yes
313,5623,Long View High School,Yes
130,5350,Lukas Elementary,No
131,5354,Lumberg Elementary,Yes
212,5454,Mandalay Middle School,No
213,5472,Manning School of Academics and Arts,No
132,5524,Maple Grove Elementary,No
133,5580,Marshdale Elementary,No
314,33,McLain Community High School,Yes
134,5758,Meiklejohn Elementary,No
135,5944,Mitchell Elementary,No
954,5994,Montessori Peaks Academy,No
136,6133,Mortensen Elementary,No
137,6135,Mount Carbon Elementary,No
955,6139,Mountain Phoenix Community School,No
933,6237,New America School,Yes
138,6285,Norma Anderson Early Learning Center,No
139,6286,Normandy Elementary,No
214,6330,North Arvada Middle School,Yes
215,6470,Oberon Middle School,No
140,6804,Parmalee Elementary,No
141,6808,Patterson Elementary,Yes
142,6848,Peak Expeditionary at Pennington,No
523,7114,Pomona Junior/Senior High School,No
143,7128,Powderhorn Elementary,No
144,7190,Prospect Valley Elementary,No
145,7238,Ralston Elementary,No
315,7239,Ralston Valley High School,No
146,7282,Red Rocks Elementary,No
959,7462,Rocky Mountain Academy of Evergreen,No
962,5415,Rocky Mountain Deaf School,No
147,7483,Rooney Ranch Elementary,No
148,7468,Rose Stein International Elementary,Yes
149,7529,Ryan Elementary,No
150,7708,Secrest Elementary,Yes
151,7753,Semper Elementary,No
152,7780,Shaffer Elementary,No
153,7833,Shelton Elementary,No
154,7870,Sierra Elementary,No
155,7962,Slater Elementary,Yes
504,8036,Sobesky Academy,Yes
156,8102,South Lakewood Elementary,Yes
316,8209,Standley Lake High School,No
157,8223,Stevens Elementary,Yes
158,8276,Stober Elementary,No
159,8280,Stony Creek Elementary,No
160,8300,Stott Elementary,No
216,8381,Summit Ridge Middle School,No
161,8432,Swanson Elementary,Yes
511,8856,Three Creeks K-8,No
,8793,Two Roads Charter School,No
162,9008,Ute Meadows Elementary,No
163,9052,Van Arsdale Elementary,No
164,9058,Vanderhoof Elementary,No
165,9232,Warder Elementary,No
401,9234,Warren Tech,No
402,9245,Warren Tech North,No
403,1001,Warren Tech South,No
217,9299,Wayne Carle Middle School,No
166,9328,Weber Elementary,No
167,9342,Welchester Elementary,Yes
168,9424,West Jefferson Elementary,No
218,9428,West Jefferson Middle School,No
169,9429,West Woods Elementary,No
170,9412,Westgate Elementary,Yes
171,9490,Westridge Elementary,No
317,9510,Wheat Ridge High School,No
172,9648,Wilmot Elementary,No
956,9427,Woodrow Wilson Academy,No
